type;gateway_eui;node_eui;snr;rssi;len;cr;datarate;time;data
24;0000B827EB24A52C;20;6;-83;20;5;SF7BW125;2025-07-04 14:34:28;{"RSSI": -83, "SNR": 6, "TC": 26.03}
24;0000B827EB24A52C;20;5;-85;20;5;SF7BW125;2025-07-04 14:34:44;{"RSSI": -85, "SNR": 5, "TC": 20.03}
24;0000B827EB24A52C;20;5;-84;20;5;SF7BW125;2025-07-04 14:34:59;{"RSSI": -84, "SNR": 5, "TC": 20.85}
24;0000B827EB24A52C;20;6;-83;20;5;SF7BW125;2025-07-04 14:35:14;{"RSSI": -83, "SNR": 6, "TC": 22.59}
24;0000B827EB24A52C;20;5;-87;20;5;SF7BW125;2025-07-04 14:35:30;{"RSSI": -87, "SNR": 5, "TC": 20.29}
24;0000B827EB24A52C;20;5;-87;20;5;SF12BW125;2025-07-04 14:38:02;{"RSSI": -87, "SNR": 5, "TC": 23.57}
24;0000B827EB24A52C;20;5;-88;20;5;SF12BW125;2025-07-04 14:38:20;{"RSSI": -88, "SNR": 5, "TC": 25.76}
24;0000B827EB24A52C;20;6;-88;20;5;SF12BW125;2025-07-04 14:38:58;{"RSSI": -88, "SNR": 6, "TC": 25.79}
24;0000B827EB24A52C;20;6;-86;20;5;SF12BW125;2025-07-04 14:39:16;{"RSSI": -86, "SNR": 6, "TC": 28.73}
255;0000B827EB24A52C;0;0;0;24;5;SF12BW125;2025-07-04 14:39:18;{"RSSI": 0, "SNR": 0, "DEF": "MAX-SF12-BW125-T20-START"}
24;0000B827EB24A52C;20;6;-85;20;5;SF12BW125;2025-07-04 14:39:34;{"RSSI": -85, "SNR": 6, "TC": 21.42}
24;0000B827EB24A52C;20;6;-85;20;5;SF12BW125;2025-07-04 14:39:53;{"RSSI": -85, "SNR": 6, "TC": 28.7}
24;0000B827EB24A52C;20;6;-87;20;5;SF12BW125;2025-07-04 14:40:11;{"RSSI": -87, "SNR": 6, "TC": 20.79}
24;0000B827EB24A52C;20;7;-84;20;5;SF12BW125;2025-07-04 14:40:29;{"RSSI": -84, "SNR": 7, "TC": 21.7}
24;0000B827EB24A52C;20;7;-83;20;5;SF12BW125;2025-07-04 14:40:47;{"RSSI": -83, "SNR": 7, "TC": 26.22}
24;0000B827EB24A52C;20;7;-83;20;5;SF12BW125;2025-07-04 14:41:06;{"RSSI": -83, "SNR": 7, "TC": 25.7}
24;0000B827EB24A52C;20;6;-82;20;5;SF12BW125;2025-07-04 14:41:24;{"RSSI": -82, "SNR": 6, "TC": 23.18}
24;0000B827EB24A52C;20;6;-82;20;5;SF12BW125;2025-07-04 14:41:42;{"RSSI": -82, "SNR": 6, "TC": 23.98}
24;0000B827EB24A52C;20;6;-81;20;5;SF12BW125;2025-07-04 14:42:01;{"RSSI": -81, "SNR": 6, "TC": 26.2}
24;0000B827EB24A52C;20;6;-82;20;5;SF12BW125;2025-07-04 14:42:19;{"RSSI": -82, "SNR": 6, "TC": 28.23}
24;0000B827EB24A52C;20;6;-82;20;5;SF12BW125;2025-07-04 14:42:37;{"RSSI": -82, "SNR": 6, "TC": 23.57}
24;0000B827EB24A52C;20;7;-83;20;5;SF12BW125;2025-07-04 14:42:55;{"RSSI": -83, "SNR": 7, "TC": 23.7}
24;0000B827EB24A52C;20;8;-83;20;5;SF12BW125;2025-07-04 14:43:14;{"RSSI": -83, "SNR": 8, "TC": 26.6}
24;0000B827EB24A52C;20;8;-83;20;5;SF12BW125;2025-07-04 14:43:32;{"RSSI": -83, "SNR": 8, "TC": 28.51}
24;0000B827EB24A52C;20;6;-83;20;5;SF12BW125;2025-07-04 14:43:50;{"RSSI": -83, "SNR": 6, "TC": 28.03}
24;0000B827EB24A52C;20;6;-83;20;5;SF12BW125;2025-07-04 14:44:09;{"RSSI": -83, "SNR": 6, "TC": 23.01}
24;0000B827EB24A52C;20;8;-83;20;5;SF12BW125;2025-07-04 14:44:27;{"RSSI": -83, "SNR": 8, "TC": 28.79}
24;0000B827EB24A52C;20;8;-84;20;5;SF12BW125;2025-07-04 14:44:45;{"RSSI": -84, "SNR": 8, "TC": 24.73}
24;0000B827EB24A52C;20;7;-85;20;5;SF12BW125;2025-07-04 14:45:03;{"RSSI": -85, "SNR": 7, "TC": 25.12}
24;0000B827EB24A52C;20;5;-86;20;5;SF12BW125;2025-07-04 14:45:22;{"RSSI": -86, "SNR": 5, "TC": 25.25}
24;0000B827EB24A52C;20;6;-88;20;5;SF12BW125;2025-07-04 14:45:40;{"RSSI": -88, "SNR": 6, "TC": 25.82}
24;0000B827EB24A52C;20;6;-86;20;5;SF12BW125;2025-07-04 14:45:58;{"RSSI": -86, "SNR": 6, "TC": 24.17}
24;0000B827EB24A52C;20;7;-88;20;5;SF12BW125;2025-07-04 14:46:16;{"RSSI": -88, "SNR": 7, "TC": 24.5}
24;0000B827EB24A52C;20;7;-88;20;5;SF12BW125;2025-07-04 14:46:35;{"RSSI": -88, "SNR": 7, "TC": 26.95}
24;0000B827EB24A52C;20;5;-91;20;5;SF12BW125;2025-07-04 14:46:53;{"RSSI": -91, "SNR": 5, "TC": 24.11}
24;0000B827EB24A52C;20;6;-85;20;5;SF12BW125;2025-07-04 14:47:11;{"RSSI": -85, "SNR": 6, "TC": 23.65}
24;0000B827EB24A52C;20;6;-86;20;5;SF12BW125;2025-07-04 14:47:30;{"RSSI": -86, "SNR": 6, "TC": 25.93}
24;0000B827EB24A52C;20;6;-86;20;5;SF12BW125;2025-07-04 14:47:48;{"RSSI": -86, "SNR": 6, "TC": 20.64}
24;0000B827EB24A52C;20;6;-85;20;5;SF12BW125;2025-07-04 14:48:06;{"RSSI": -85, "SNR": 6, "TC": 22.42}
24;0000B827EB24A52C;20;6;-87;20;5;SF12BW125;2025-07-04 14:48:24;{"RSSI": -87, "SNR": 6, "TC": 25.52}
24;0000B827EB24A52C;20;6;-86;20;5;SF12BW125;2025-07-04 14:48:43;{"RSSI": -86, "SNR": 6, "TC": 28.4}
24;0000B827EB24A52C;20;6;-85;20;5;SF12BW125;2025-07-04 14:49:01;{"RSSI": -85, "SNR": 6, "TC": 25.0}
24;0000B827EB24A52C;20;6;-85;20;5;SF12BW125;2025-07-04 14:49:19;{"RSSI": -85, "SNR": 6, "TC": 28.27}
24;0000B827EB24A52C;20;6;-82;20;5;SF12BW125;2025-07-04 14:49:38;{"RSSI": -82, "SNR": 6, "TC": 22.87}
24;0000B827EB24A52C;20;6;-82;20;5;SF12BW125;2025-07-04 14:49:56;{"RSSI": -82, "SNR": 6, "TC": 28.25}
24;0000B827EB24A52C;20;4;-91;20;5;SF12BW125;2025-07-04 14:50:14;{"RSSI": -91, "SNR": 4, "TC": 22.17}
24;0000B827EB24A52C;20;8;-83;20;5;SF12BW125;2025-07-04 14:50:32;{"RSSI": -83, "SNR": 8, "TC": 22.42}
24;0000B827EB24A52C;20;6;-84;20;5;SF12BW125;2025-07-04 14:50:51;{"RSSI": -84, "SNR": 6, "TC": 26.73}
24;0000B827EB24A52C;20;6;-86;20;5;SF12BW125;2025-07-04 14:51:09;{"RSSI": -86, "SNR": 6, "TC": 22.72}
24;0000B827EB24A52C;20;6;-89;20;5;SF12BW125;2025-07-04 14:51:27;{"RSSI": -89, "SNR": 6, "TC": 28.11}
24;0000B827EB24A52C;20;6;-86;20;5;SF12BW125;2025-07-04 14:51:46;{"RSSI": -86, "SNR": 6, "TC": 25.54}
24;0000B827EB24A52C;20;7;-84;20;5;SF12BW125;2025-07-04 14:52:04;{"RSSI": -84, "SNR": 7, "TC": 21.29}
24;0000B827EB24A52C;20;6;-85;20;5;SF12BW125;2025-07-04 14:52:22;{"RSSI": -85, "SNR": 6, "TC": 24.88}
24;0000B827EB24A52C;20;7;-84;20;5;SF12BW125;2025-07-04 14:52:40;{"RSSI": -84, "SNR": 7, "TC": 27.55}
24;0000B827EB24A52C;20;6;-86;20;5;SF12BW125;2025-07-04 14:52:59;{"RSSI": -86, "SNR": 6, "TC": 24.6}
24;0000B827EB24A52C;20;8;-84;20;5;SF12BW125;2025-07-04 14:53:17;{"RSSI": -84, "SNR": 8, "TC": 26.92}
24;0000B827EB24A52C;20;7;-84;20;5;SF12BW125;2025-07-04 14:53:35;{"RSSI": -84, "SNR": 7, "TC": 23.15}
24;0000B827EB24A52C;20;7;-83;20;5;SF12BW125;2025-07-04 14:53:54;{"RSSI": -83, "SNR": 7, "TC": 27.67}
24;0000B827EB24A52C;20;7;-83;20;5;SF12BW125;2025-07-04 14:54:12;{"RSSI": -83, "SNR": 7, "TC": 26.38}
24;0000B827EB24A52C;20;6;-83;20;5;SF12BW125;2025-07-04 14:54:30;{"RSSI": -83, "SNR": 6, "TC": 25.01}
24;0000B827EB24A52C;20;7;-83;20;5;SF12BW125;2025-07-04 14:54:48;{"RSSI": -83, "SNR": 7, "TC": 20.15}
24;0000B827EB24A52C;20;5;-82;20;5;SF12BW125;2025-07-04 14:55:07;{"RSSI": -82, "SNR": 5, "TC": 25.7}
24;0000B827EB24A52C;20;6;-82;20;5;SF12BW125;2025-07-04 14:55:25;{"RSSI": -82, "SNR": 6, "TC": 24.7}
24;0000B827EB24A52C;20;6;-82;20;5;SF12BW125;2025-07-04 14:55:43;{"RSSI": -82, "SNR": 6, "TC": 25.45}
24;0000B827EB24A52C;20;6;-82;20;5;SF12BW125;2025-07-04 14:56:02;{"RSSI": -82, "SNR": 6, "TC": 23.39}
24;0000B827EB24A52C;20;6;-83;20;5;SF12BW125;2025-07-04 14:56:20;{"RSSI": -83, "SNR": 6, "TC": 25.53}
24;0000B827EB24A52C;20;6;-83;20;5;SF12BW125;2025-07-04 14:56:38;{"RSSI": -83, "SNR": 6, "TC": 25.5}
24;0000B827EB24A52C;20;6;-81;20;5;SF12BW125;2025-07-04 14:56:56;{"RSSI": -81, "SNR": 6, "TC": 27.62}
24;0000B827EB24A52C;20;6;-81;20;5;SF12BW125;2025-07-04 14:57:15;{"RSSI": -81, "SNR": 6, "TC": 24.32}
24;0000B827EB24A52C;20;6;-82;20;5;SF12BW125;2025-07-04 14:57:33;{"RSSI": -82, "SNR": 6, "TC": 27.27}
24;0000B827EB24A52C;20;6;-82;20;5;SF12BW125;2025-07-04 14:57:51;{"RSSI": -82, "SNR": 6, "TC": 28.3}
24;0000B827EB24A52C;20;7;-83;20;5;SF12BW125;2025-07-04 14:58:10;{"RSSI": -83, "SNR": 7, "TC": 21.15}
24;0000B827EB24A52C;20;7;-83;20;5;SF12BW125;2025-07-04 14:58:28;{"RSSI": -83, "SNR": 7, "TC": 25.14}
24;0000B827EB24A52C;20;6;-83;20;5;SF12BW125;2025-07-04 14:58:46;{"RSSI": -83, "SNR": 6, "TC": 20.01}
24;0000B827EB24A52C;20;6;-83;20;5;SF12BW125;2025-07-04 14:59:04;{"RSSI": -83, "SNR": 6, "TC": 27.61}
24;0000B827EB24A52C;20;6;-86;20;5;SF12BW125;2025-07-04 14:59:23;{"RSSI": -86, "SNR": 6, "TC": 27.23}
24;0000B827EB24A52C;20;5;-87;20;5;SF12BW125;2025-07-04 14:59:41;{"RSSI": -87, "SNR": 5, "TC": 26.36}
24;0000B827EB24A52C;20;6;-85;20;5;SF12BW125;2025-07-04 14:59:59;{"RSSI": -85, "SNR": 6, "TC": 26.14}
24;0000B827EB24A52C;20;6;-85;20;5;SF12BW125;2025-07-04 15:00:18;{"RSSI": -85, "SNR": 6, "TC": 24.15}
24;0000B827EB24A52C;20;5;-87;20;5;SF12BW125;2025-07-04 15:00:36;{"RSSI": -87, "SNR": 5, "TC": 25.72}
24;0000B827EB24A52C;20;6;-86;20;5;SF12BW125;2025-07-04 15:00:54;{"RSSI": -86, "SNR": 6, "TC": 24.2}
24;0000B827EB24A52C;20;6;-85;20;5;SF12BW125;2025-07-04 15:01:12;{"RSSI": -85, "SNR": 6, "TC": 26.69}
24;0000B827EB24A52C;20;6;-85;20;5;SF12BW125;2025-07-04 15:01:31;{"RSSI": -85, "SNR": 6, "TC": 22.27}
24;0000B827EB24A52C;20;6;-85;20;5;SF12BW125;2025-07-04 15:01:49;{"RSSI": -85, "SNR": 6, "TC": 23.28}
24;0000B827EB24A52C;20;6;-85;20;5;SF12BW125;2025-07-04 15:02:07;{"RSSI": -85, "SNR": 6, "TC": 25.84}
24;0000B827EB24A52C;20;7;-85;20;5;SF12BW125;2025-07-04 15:02:26;{"RSSI": -85, "SNR": 7, "TC": 25.48}
24;0000B827EB24A52C;20;6;-85;20;5;SF12BW125;2025-07-04 15:02:44;{"RSSI": -85, "SNR": 6, "TC": 22.45}
24;0000B827EB24A52C;20;7;-84;20;5;SF12BW125;2025-07-04 15:03:02;{"RSSI": -84, "SNR": 7, "TC": 23.65}
24;0000B827EB24A52C;20;6;-85;20;5;SF12BW125;2025-07-04 15:03:20;{"RSSI": -85, "SNR": 6, "TC": 26.2}
24;0000B827EB24A52C;20;6;-85;20;5;SF12BW125;2025-07-04 15:03:39;{"RSSI": -85, "SNR": 6, "TC": 21.9}
24;0000B827EB24A52C;20;6;-86;20;5;SF12BW125;2025-07-04 15:03:57;{"RSSI": -86, "SNR": 6, "TC": 23.57}
24;0000B827EB24A52C;20;6;-85;20;5;SF12BW125;2025-07-04 15:04:15;{"RSSI": -85, "SNR": 6, "TC": 26.44}
24;0000B827EB24A52C;20;5;-87;20;5;SF12BW125;2025-07-04 15:04:34;{"RSSI": -87, "SNR": 5, "TC": 21.18}
24;0000B827EB24A52C;20;5;-88;20;5;SF12BW125;2025-07-04 15:04:52;{"RSSI": -88, "SNR": 5, "TC": 27.25}
24;0000B827EB24A52C;20;5;-87;20;5;SF12BW125;2025-07-04 15:05:10;{"RSSI": -87, "SNR": 5, "TC": 28.88}
24;0000B827EB24A52C;20;6;-87;20;5;SF12BW125;2025-07-04 15:05:28;{"RSSI": -87, "SNR": 6, "TC": 28.13}
24;0000B827EB24A52C;20;6;-86;20;5;SF12BW125;2025-07-04 15:05:47;{"RSSI": -86, "SNR": 6, "TC": 20.18}
24;0000B827EB24A52C;20;6;-87;20;5;SF12BW125;2025-07-04 15:06:05;{"RSSI": -87, "SNR": 6, "TC": 27.29}
24;0000B827EB24A52C;20;5;-89;20;5;SF12BW125;2025-07-04 15:06:23;{"RSSI": -89, "SNR": 5, "TC": 20.27}
24;0000B827EB24A52C;20;6;-84;20;5;SF12BW125;2025-07-04 15:06:42;{"RSSI": -84, "SNR": 6, "TC": 26.54}
24;0000B827EB24A52C;20;6;-85;20;5;SF12BW125;2025-07-04 15:07:00;{"RSSI": -85, "SNR": 6, "TC": 24.95}
24;0000B827EB24A52C;20;6;-86;20;5;SF12BW125;2025-07-04 15:07:18;{"RSSI": -86, "SNR": 6, "TC": 23.82}
24;0000B827EB24A52C;20;6;-85;20;5;SF12BW125;2025-07-04 15:07:36;{"RSSI": -85, "SNR": 6, "TC": 25.64}
24;0000B827EB24A52C;20;6;-85;20;5;SF12BW125;2025-07-04 15:07:55;{"RSSI": -85, "SNR": 6, "TC": 27.52}
24;0000B827EB24A52C;20;6;-86;20;5;SF12BW125;2025-07-04 15:08:13;{"RSSI": -86, "SNR": 6, "TC": 23.76}
24;0000B827EB24A52C;20;6;-87;20;5;SF12BW125;2025-07-04 15:08:31;{"RSSI": -87, "SNR": 6, "TC": 24.75}
24;0000B827EB24A52C;20;6;-86;20;5;SF12BW125;2025-07-04 15:08:49;{"RSSI": -86, "SNR": 6, "TC": 27.1}
24;0000B827EB24A52C;20;5;-86;20;5;SF12BW125;2025-07-04 15:09:08;{"RSSI": -86, "SNR": 5, "TC": 23.92}
24;0000B827EB24A52C;20;6;-86;20;5;SF12BW125;2025-07-04 15:09:26;{"RSSI": -86, "SNR": 6, "TC": 28.46}
24;0000B827EB24A52C;20;7;-86;20;5;SF12BW125;2025-07-04 15:09:44;{"RSSI": -86, "SNR": 7, "TC": 28.98}
24;0000B827EB24A52C;20;6;-85;20;5;SF12BW125;2025-07-04 15:10:03;{"RSSI": -85, "SNR": 6, "TC": 23.14}
24;0000B827EB24A52C;20;6;-87;20;5;SF12BW125;2025-07-04 15:10:21;{"RSSI": -87, "SNR": 6, "TC": 23.79}
24;0000B827EB24A52C;20;6;-85;20;5;SF12BW125;2025-07-04 15:10:39;{"RSSI": -85, "SNR": 6, "TC": 20.63}
24;0000B827EB24A52C;20;6;-85;20;5;SF12BW125;2025-07-04 15:10:57;{"RSSI": -85, "SNR": 6, "TC": 24.01}
24;0000B827EB24A52C;20;6;-87;20;5;SF12BW125;2025-07-04 15:11:16;{"RSSI": -87, "SNR": 6, "TC": 28.88}
24;0000B827EB24A52C;20;6;-86;20;5;SF12BW125;2025-07-04 15:11:34;{"RSSI": -86, "SNR": 6, "TC": 21.32}
24;0000B827EB24A52C;20;6;-85;20;5;SF12BW125;2025-07-04 15:11:52;{"RSSI": -85, "SNR": 6, "TC": 23.88}
24;0000B827EB24A52C;20;5;-88;20;5;SF12BW125;2025-07-04 15:12:11;{"RSSI": -88, "SNR": 5, "TC": 28.17}
24;0000B827EB24A52C;20;5;-87;20;5;SF12BW125;2025-07-04 15:12:29;{"RSSI": -87, "SNR": 5, "TC": 25.37}
24;0000B827EB24A52C;20;5;-86;20;5;SF12BW125;2025-07-04 15:12:47;{"RSSI": -86, "SNR": 5, "TC": 28.37}
24;0000B827EB24A52C;20;5;-87;20;5;SF12BW125;2025-07-04 15:13:05;{"RSSI": -87, "SNR": 5, "TC": 22.2}
24;0000B827EB24A52C;20;6;-87;20;5;SF12BW125;2025-07-04 15:13:24;{"RSSI": -87, "SNR": 6, "TC": 22.95}
24;0000B827EB24A52C;20;6;-86;20;5;SF12BW125;2025-07-04 15:13:42;{"RSSI": -86, "SNR": 6, "TC": 22.87}
24;0000B827EB24A52C;20;5;-87;20;5;SF12BW125;2025-07-04 15:14:00;{"RSSI": -87, "SNR": 5, "TC": 21.87}
24;0000B827EB24A52C;20;5;-88;20;5;SF12BW125;2025-07-04 15:14:19;{"RSSI": -88, "SNR": 5, "TC": 23.35}
24;0000B827EB24A52C;20;6;-86;20;5;SF12BW125;2025-07-04 15:14:37;{"RSSI": -86, "SNR": 6, "TC": 22.84}
24;0000B827EB24A52C;20;6;-86;20;5;SF12BW125;2025-07-04 15:14:55;{"RSSI": -86, "SNR": 6, "TC": 23.84}
24;0000B827EB24A52C;20;6;-87;20;5;SF12BW125;2025-07-04 15:15:13;{"RSSI": -87, "SNR": 6, "TC": 23.67}
24;0000B827EB24A52C;20;5;-87;20;5;SF12BW125;2025-07-04 15:15:32;{"RSSI": -87, "SNR": 5, "TC": 21.14}
24;0000B827EB24A52C;20;6;-85;20;5;SF12BW125;2025-07-04 15:15:50;{"RSSI": -85, "SNR": 6, "TC": 28.76}
24;0000B827EB24A52C;20;7;-82;20;5;SF12BW125;2025-07-04 15:16:08;{"RSSI": -82, "SNR": 7, "TC": 26.25}
24;0000B827EB24A52C;20;6;-82;20;5;SF12BW125;2025-07-04 15:16:27;{"RSSI": -82, "SNR": 6, "TC": 28.3}
24;0000B827EB24A52C;20;6;-82;20;5;SF12BW125;2025-07-04 15:16:45;{"RSSI": -82, "SNR": 6, "TC": 20.97}
24;0000B827EB24A52C;20;6;-85;20;5;SF12BW125;2025-07-04 15:17:03;{"RSSI": -85, "SNR": 6, "TC": 27.38}
24;0000B827EB24A52C;20;6;-82;20;5;SF12BW125;2025-07-04 15:17:21;{"RSSI": -82, "SNR": 6, "TC": 28.03}
24;0000B827EB24A52C;20;7;-84;20;5;SF12BW125;2025-07-04 15:17:40;{"RSSI": -84, "SNR": 7, "TC": 22.64}
24;0000B827EB24A52C;20;5;-83;20;5;SF12BW125;2025-07-04 15:17:58;{"RSSI": -83, "SNR": 5, "TC": 22.06}
24;0000B827EB24A52C;20;6;-85;20;5;SF12BW125;2025-07-04 15:18:16;{"RSSI": -85, "SNR": 6, "TC": 22.64}
24;0000B827EB24A52C;20;5;-85;20;5;SF12BW125;2025-07-04 15:18:35;{"RSSI": -85, "SNR": 5, "TC": 25.54}
24;0000B827EB24A52C;20;6;-85;20;5;SF12BW125;2025-07-04 15:18:53;{"RSSI": -85, "SNR": 6, "TC": 20.5}
24;0000B827EB24A52C;20;7;-84;20;5;SF12BW125;2025-07-04 15:19:11;{"RSSI": -84, "SNR": 7, "TC": 21.31}
24;0000B827EB24A52C;20;6;-86;20;5;SF12BW125;2025-07-04 15:19:29;{"RSSI": -86, "SNR": 6, "TC": 23.4}
24;0000B827EB24A52C;20;6;-88;20;5;SF12BW125;2025-07-04 15:19:48;{"RSSI": -88, "SNR": 6, "TC": 27.77}
24;0000B827EB24A52C;20;5;-86;20;5;SF12BW125;2025-07-04 15:20:06;{"RSSI": -86, "SNR": 5, "TC": 27.0}
24;0000B827EB24A52C;20;6;-86;20;5;SF12BW125;2025-07-04 15:20:24;{"RSSI": -86, "SNR": 6, "TC": 25.64}
24;0000B827EB24A52C;20;5;-91;20;5;SF12BW125;2025-07-04 15:20:43;{"RSSI": -91, "SNR": 5, "TC": 21.21}
24;0000B827EB24A52C;20;6;-89;20;5;SF12BW125;2025-07-04 15:21:01;{"RSSI": -89, "SNR": 6, "TC": 24.17}
24;0000B827EB24A52C;20;5;-87;20;5;SF12BW125;2025-07-04 15:21:19;{"RSSI": -87, "SNR": 5, "TC": 26.47}
24;0000B827EB24A52C;20;5;-90;20;5;SF12BW125;2025-07-04 15:21:37;{"RSSI": -90, "SNR": 5, "TC": 27.29}
24;0000B827EB24A52C;20;7;-89;20;5;SF12BW125;2025-07-04 15:21:56;{"RSSI": -89, "SNR": 7, "TC": 26.07}
24;0000B827EB24A52C;20;6;-88;20;5;SF12BW125;2025-07-04 15:22:14;{"RSSI": -88, "SNR": 6, "TC": 22.56}
24;0000B827EB24A52C;20;5;-87;20;5;SF12BW125;2025-07-04 15:22:32;{"RSSI": -87, "SNR": 5, "TC": 20.52}
24;0000B827EB24A52C;20;6;-90;20;5;SF12BW125;2025-07-04 15:22:51;{"RSSI": -90, "SNR": 6, "TC": 27.2}
24;0000B827EB24A52C;20;5;-90;20;5;SF12BW125;2025-07-04 15:23:09;{"RSSI": -90, "SNR": 5, "TC": 21.95}
24;0000B827EB24A52C;20;6;-90;20;5;SF12BW125;2025-07-04 15:23:27;{"RSSI": -90, "SNR": 6, "TC": 21.29}
24;0000B827EB24A52C;20;7;-88;20;5;SF12BW125;2025-07-04 15:23:45;{"RSSI": -88, "SNR": 7, "TC": 23.54}
24;0000B827EB24A52C;20;5;-91;20;5;SF12BW125;2025-07-04 15:24:04;{"RSSI": -91, "SNR": 5, "TC": 27.12}
24;0000B827EB24A52C;20;5;-91;20;5;SF12BW125;2025-07-04 15:24:22;{"RSSI": -91, "SNR": 5, "TC": 27.27}
24;0000B827EB24A52C;20;6;-86;20;5;SF12BW125;2025-07-04 15:24:40;{"RSSI": -86, "SNR": 6, "TC": 22.44}
24;0000B827EB24A52C;20;7;-89;20;5;SF12BW125;2025-07-04 15:24:59;{"RSSI": -89, "SNR": 7, "TC": 21.97}
24;0000B827EB24A52C;20;5;-91;20;5;SF12BW125;2025-07-04 15:25:17;{"RSSI": -91, "SNR": 5, "TC": 25.55}
24;0000B827EB24A52C;20;5;-88;20;5;SF12BW125;2025-07-04 15:25:35;{"RSSI": -88, "SNR": 5, "TC": 27.03}
24;0000B827EB24A52C;20;5;-90;20;5;SF12BW125;2025-07-04 15:25:53;{"RSSI": -90, "SNR": 5, "TC": 28.13}
24;0000B827EB24A52C;20;6;-89;20;5;SF12BW125;2025-07-04 15:26:12;{"RSSI": -89, "SNR": 6, "TC": 24.65}
24;0000B827EB24A52C;20;7;-88;20;5;SF12BW125;2025-07-04 15:26:30;{"RSSI": -88, "SNR": 7, "TC": 28.2}
24;0000B827EB24A52C;20;6;-89;20;5;SF12BW125;2025-07-04 15:26:48;{"RSSI": -89, "SNR": 6, "TC": 20.52}
24;0000B827EB24A52C;20;5;-91;20;5;SF12BW125;2025-07-04 15:27:07;{"RSSI": -91, "SNR": 5, "TC": 27.19}
24;0000B827EB24A52C;20;6;-90;20;5;SF12BW125;2025-07-04 15:27:25;{"RSSI": -90, "SNR": 6, "TC": 28.1}
24;0000B827EB24A52C;20;5;-90;20;5;SF12BW125;2025-07-04 15:27:43;{"RSSI": -90, "SNR": 5, "TC": 20.69}
24;0000B827EB24A52C;20;5;-86;20;5;SF12BW125;2025-07-04 15:28:01;{"RSSI": -86, "SNR": 5, "TC": 21.43}
24;0000B827EB24A52C;20;6;-87;20;5;SF12BW125;2025-07-04 15:28:20;{"RSSI": -87, "SNR": 6, "TC": 22.3}
24;0000B827EB24A52C;20;5;-87;20;5;SF12BW125;2025-07-04 15:28:38;{"RSSI": -87, "SNR": 5, "TC": 21.15}
24;0000B827EB24A52C;20;5;-87;20;5;SF12BW125;2025-07-04 15:28:56;{"RSSI": -87, "SNR": 5, "TC": 21.7}
24;0000B827EB24A52C;20;6;-86;20;5;SF12BW125;2025-07-04 15:29:15;{"RSSI": -86, "SNR": 6, "TC": 22.7}
255;0000B827EB24A52C;0;0;0;22;5;SF12BW125;2025-07-04 15:29:22;{"RSSI": 0, "SNR": 0, "DEF": "MAX-SF12-BW125-T20-END"}
24;0000B827EB24A52C;20;6;-88;20;5;SF12BW125;2025-07-04 15:29:33;{"RSSI": -88, "SNR": 6, "TC": 24.9}
255;0000B827EB24A52C;0;0;0;23;5;SF12BW125;2025-07-04 15:32:09;{"RSSI": 0, "SNR": 0, "DEF": "MIN-SF7-BW500-T20-START"}
24;0000B827EB24A52C;20;4;-84;20;5;SF7BW500;2025-07-04 15:32:26;{"RSSI": -84, "SNR": 4, "TC": 27.89}
24;0000B827EB24A52C;20;5;-83;20;5;SF7BW500;2025-07-04 15:32:41;{"RSSI": -83, "SNR": 5, "TC": 27.12}
24;0000B827EB24A52C;20;4;-84;20;5;SF7BW500;2025-07-04 15:32:57;{"RSSI": -84, "SNR": 4, "TC": 20.27}
24;0000B827EB24A52C;20;5;-82;20;5;SF7BW500;2025-07-04 15:33:12;{"RSSI": -82, "SNR": 5, "TC": 26.84}
24;0000B827EB24A52C;20;5;-82;20;5;SF7BW500;2025-07-04 15:33:27;{"RSSI": -82, "SNR": 5, "TC": 25.7}
24;0000B827EB24A52C;20;4;-86;20;5;SF7BW500;2025-07-04 15:33:43;{"RSSI": -86, "SNR": 4, "TC": 22.8}
24;0000B827EB24A52C;20;5;-83;20;5;SF7BW500;2025-07-04 15:33:58;{"RSSI": -83, "SNR": 5, "TC": 22.02}
24;0000B827EB24A52C;20;5;-83;20;5;SF7BW500;2025-07-04 15:34:13;{"RSSI": -83, "SNR": 5, "TC": 21.31}
24;0000B827EB24A52C;20;4;-83;20;5;SF7BW500;2025-07-04 15:34:28;{"RSSI": -83, "SNR": 4, "TC": 22.59}
24;0000B827EB24A52C;20;4;-83;20;5;SF7BW500;2025-07-04 15:34:44;{"RSSI": -83, "SNR": 4, "TC": 20.77}
24;0000B827EB24A52C;20;4;-83;20;5;SF7BW500;2025-07-04 15:34:59;{"RSSI": -83, "SNR": 4, "TC": 25.1}
24;0000B827EB24A52C;20;4;-82;20;5;SF7BW500;2025-07-04 15:35:14;{"RSSI": -82, "SNR": 4, "TC": 24.5}
24;0000B827EB24A52C;20;4;-84;20;5;SF7BW500;2025-07-04 15:35:30;{"RSSI": -84, "SNR": 4, "TC": 20.4}
24;0000B827EB24A52C;20;4;-84;20;5;SF7BW500;2025-07-04 15:35:45;{"RSSI": -84, "SNR": 4, "TC": 25.2}
24;0000B827EB24A52C;20;4;-84;20;5;SF7BW500;2025-07-04 15:36:00;{"RSSI": -84, "SNR": 4, "TC": 28.12}
24;0000B827EB24A52C;20;3;-84;20;5;SF7BW500;2025-07-04 15:36:15;{"RSSI": -84, "SNR": 3, "TC": 21.55}
24;0000B827EB24A52C;20;4;-84;20;5;SF7BW500;2025-07-04 15:36:31;{"RSSI": -84, "SNR": 4, "TC": 21.52}
24;0000B827EB24A52C;20;5;-83;20;5;SF7BW500;2025-07-04 15:36:46;{"RSSI": -83, "SNR": 5, "TC": 26.13}
24;0000B827EB24A52C;20;5;-83;20;5;SF7BW500;2025-07-04 15:37:01;{"RSSI": -83, "SNR": 5, "TC": 21.18}
24;0000B827EB24A52C;20;4;-83;20;5;SF7BW500;2025-07-04 15:37:17;{"RSSI": -83, "SNR": 4, "TC": 20.01}
24;0000B827EB24A52C;20;4;-86;20;5;SF7BW500;2025-07-04 15:37:32;{"RSSI": -86, "SNR": 4, "TC": 28.2}
24;0000B827EB24A52C;20;4;-85;20;5;SF7BW500;2025-07-04 15:37:47;{"RSSI": -85, "SNR": 4, "TC": 23.01}
24;0000B827EB24A52C;20;4;-84;20;5;SF7BW500;2025-07-04 15:38:02;{"RSSI": -84, "SNR": 4, "TC": 20.61}
24;0000B827EB24A52C;20;4;-84;20;5;SF7BW500;2025-07-04 15:38:18;{"RSSI": -84, "SNR": 4, "TC": 26.1}
24;0000B827EB24A52C;20;4;-86;20;5;SF7BW500;2025-07-04 15:38:33;{"RSSI": -86, "SNR": 4, "TC": 23.04}
24;0000B827EB24A52C;20;4;-84;20;5;SF7BW500;2025-07-04 15:38:48;{"RSSI": -84, "SNR": 4, "TC": 24.37}
24;0000B827EB24A52C;20;4;-84;20;5;SF7BW500;2025-07-04 15:39:03;{"RSSI": -84, "SNR": 4, "TC": 22.95}
24;0000B827EB24A52C;20;4;-85;20;5;SF7BW500;2025-07-04 15:39:19;{"RSSI": -85, "SNR": 4, "TC": 20.2}
24;0000B827EB24A52C;20;4;-84;20;5;SF7BW500;2025-07-04 15:39:34;{"RSSI": -84, "SNR": 4, "TC": 28.18}
24;0000B827EB24A52C;20;4;-84;20;5;SF7BW500;2025-07-04 15:39:49;{"RSSI": -84, "SNR": 4, "TC": 26.88}
24;0000B827EB24A52C;20;4;-84;20;5;SF7BW500;2025-07-04 15:40:05;{"RSSI": -84, "SNR": 4, "TC": 21.54}
24;0000B827EB24A52C;20;4;-85;20;5;SF7BW500;2025-07-04 15:40:20;{"RSSI": -85, "SNR": 4, "TC": 20.43}
24;0000B827EB24A52C;20;5;-83;20;5;SF7BW500;2025-07-04 15:40:35;{"RSSI": -83, "SNR": 5, "TC": 26.5}
24;0000B827EB24A52C;20;4;-85;20;5;SF7BW500;2025-07-04 15:40:50;{"RSSI": -85, "SNR": 4, "TC": 25.14}
24;0000B827EB24A52C;20;4;-85;20;5;SF7BW500;2025-07-04 15:41:06;{"RSSI": -85, "SNR": 4, "TC": 25.94}
24;0000B827EB24A52C;20;4;-85;20;5;SF7BW500;2025-07-04 15:41:21;{"RSSI": -85, "SNR": 4, "TC": 26.57}
24;0000B827EB24A52C;20;4;-85;20;5;SF7BW500;2025-07-04 15:41:36;{"RSSI": -85, "SNR": 4, "TC": 25.92}
24;0000B827EB24A52C;20;4;-84;20;5;SF7BW500;2025-07-04 15:41:52;{"RSSI": -84, "SNR": 4, "TC": 27.13}
24;0000B827EB24A52C;20;4;-82;20;5;SF7BW500;2025-07-04 15:42:07;{"RSSI": -82, "SNR": 4, "TC": 28.6}
24;0000B827EB24A52C;20;4;-83;20;5;SF7BW500;2025-07-04 15:42:22;{"RSSI": -83, "SNR": 4, "TC": 20.68}
24;0000B827EB24A52C;20;4;-86;20;5;SF7BW500;2025-07-04 15:42:37;{"RSSI": -86, "SNR": 4, "TC": 20.46}
24;0000B827EB24A52C;20;5;-84;20;5;SF7BW500;2025-07-04 15:42:53;{"RSSI": -84, "SNR": 5, "TC": 21.87}
24;0000B827EB24A52C;20;5;-84;20;5;SF7BW500;2025-07-04 15:43:08;{"RSSI": -84, "SNR": 5, "TC": 23.34}
24;0000B827EB24A52C;20;5;-83;20;5;SF7BW500;2025-07-04 15:43:23;{"RSSI": -83, "SNR": 5, "TC": 21.7}
24;0000B827EB24A52C;20;5;-81;20;5;SF7BW500;2025-07-04 15:43:39;{"RSSI": -81, "SNR": 5, "TC": 22.75}
24;0000B827EB24A52C;20;4;-81;20;5;SF7BW500;2025-07-04 15:43:54;{"RSSI": -81, "SNR": 4, "TC": 27.7}
24;0000B827EB24A52C;20;5;-84;20;5;SF7BW500;2025-07-04 15:44:09;{"RSSI": -84, "SNR": 5, "TC": 21.93}
24;0000B827EB24A52C;20;5;-82;20;5;SF7BW500;2025-07-04 15:44:24;{"RSSI": -82, "SNR": 5, "TC": 20.7}
24;0000B827EB24A52C;20;5;-81;20;5;SF7BW500;2025-07-04 15:44:40;{"RSSI": -81, "SNR": 5, "TC": 22.63}
24;0000B827EB24A52C;20;4;-85;20;5;SF7BW500;2025-07-04 15:44:55;{"RSSI": -85, "SNR": 4, "TC": 24.29}
24;0000B827EB24A52C;20;2;-85;20;5;SF7BW500;2025-07-04 15:45:10;{"RSSI": -85, "SNR": 2, "TC": 27.79}
24;0000B827EB24A52C;20;3;-86;20;5;SF7BW500;2025-07-04 15:45:26;{"RSSI": -86, "SNR": 3, "TC": 21.42}
24;0000B827EB24A52C;20;4;-87;20;5;SF7BW500;2025-07-04 15:45:41;{"RSSI": -87, "SNR": 4, "TC": 23.81}
24;0000B827EB24A52C;20;3;-87;20;5;SF7BW500;2025-07-04 15:45:56;{"RSSI": -87, "SNR": 3, "TC": 21.28}
24;0000B827EB24A52C;20;2;-89;20;5;SF7BW500;2025-07-04 15:46:11;{"RSSI": -89, "SNR": 2, "TC": 27.75}
24;0000B827EB24A52C;20;2;-88;20;5;SF7BW500;2025-07-04 15:46:27;{"RSSI": -88, "SNR": 2, "TC": 26.0}
24;0000B827EB24A52C;20;4;-82;20;5;SF7BW500;2025-07-04 15:46:42;{"RSSI": -82, "SNR": 4, "TC": 26.46}
24;0000B827EB24A52C;20;4;-84;20;5;SF7BW500;2025-07-04 15:46:57;{"RSSI": -84, "SNR": 4, "TC": 20.87}
24;0000B827EB24A52C;20;4;-83;20;5;SF7BW500;2025-07-04 15:47:30;{"RSSI": -83, "SNR": 4, "TC": 20.61}
24;0000B827EB24A52C;20;4;-84;20;5;SF7BW500;2025-07-04 15:47:45;{"RSSI": -84, "SNR": 4, "TC": 23.0}
24;0000B827EB24A52C;20;4;-82;20;5;SF7BW500;2025-07-04 15:48:00;{"RSSI": -82, "SNR": 4, "TC": 21.78}
24;0000B827EB24A52C;20;5;-82;20;5;SF7BW500;2025-07-04 15:48:15;{"RSSI": -82, "SNR": 5, "TC": 27.22}
24;0000B827EB24A52C;20;4;-85;20;5;SF7BW500;2025-07-04 15:48:31;{"RSSI": -85, "SNR": 4, "TC": 27.13}
24;0000B827EB24A52C;20;4;-85;20;5;SF7BW500;2025-07-04 15:48:46;{"RSSI": -85, "SNR": 4, "TC": 27.62}
24;0000B827EB24A52C;20;2;-89;20;5;SF7BW500;2025-07-04 15:49:01;{"RSSI": -89, "SNR": 2, "TC": 25.1}
24;0000B827EB24A52C;20;4;-85;20;5;SF7BW500;2025-07-04 15:49:17;{"RSSI": -85, "SNR": 4, "TC": 27.18}
24;0000B827EB24A52C;20;3;-87;20;5;SF7BW500;2025-07-04 15:49:32;{"RSSI": -87, "SNR": 3, "TC": 25.54}
24;0000B827EB24A52C;20;4;-84;20;5;SF7BW500;2025-07-04 15:49:47;{"RSSI": -84, "SNR": 4, "TC": 26.54}
24;0000B827EB24A52C;20;5;-83;20;5;SF7BW500;2025-07-04 15:50:02;{"RSSI": -83, "SNR": 5, "TC": 28.34}
24;0000B827EB24A52C;20;4;-83;20;5;SF7BW500;2025-07-04 15:50:18;{"RSSI": -83, "SNR": 4, "TC": 26.2}
24;0000B827EB24A52C;20;4;-85;20;5;SF7BW500;2025-07-04 15:50:33;{"RSSI": -85, "SNR": 4, "TC": 24.26}
24;0000B827EB24A52C;20;4;-85;20;5;SF7BW500;2025-07-04 15:50:48;{"RSSI": -85, "SNR": 4, "TC": 22.59}
24;0000B827EB24A52C;20;4;-85;20;5;SF7BW500;2025-07-04 15:51:03;{"RSSI": -85, "SNR": 4, "TC": 24.13}
24;0000B827EB24A52C;20;4;-83;20;5;SF7BW500;2025-07-04 15:51:19;{"RSSI": -83, "SNR": 4, "TC": 26.79}
24;0000B827EB24A52C;20;4;-84;20;5;SF7BW500;2025-07-04 15:51:51;{"RSSI": -84, "SNR": 4, "TC": 27.85}
24;0000B827EB24A52C;20;4;-84;20;5;SF7BW500;2025-07-04 15:52:07;{"RSSI": -84, "SNR": 4, "TC": 28.84}
24;0000B827EB24A52C;20;5;-83;20;5;SF7BW500;2025-07-04 15:52:22;{"RSSI": -83, "SNR": 5, "TC": 26.14}
24;0000B827EB24A52C;20;5;-82;20;5;SF7BW500;2025-07-04 15:52:37;{"RSSI": -82, "SNR": 5, "TC": 22.67}
24;0000B827EB24A52C;20;5;-82;20;5;SF7BW500;2025-07-04 15:52:52;{"RSSI": -82, "SNR": 5, "TC": 20.06}
24;0000B827EB24A52C;20;5;-82;20;5;SF7BW500;2025-07-04 15:53:08;{"RSSI": -82, "SNR": 5, "TC": 25.28}
24;0000B827EB24A52C;20;4;-84;20;5;SF7BW500;2025-07-04 15:53:23;{"RSSI": -84, "SNR": 4, "TC": 27.62}
24;0000B827EB24A52C;20;4;-84;20;5;SF7BW500;2025-07-04 15:53:38;{"RSSI": -84, "SNR": 4, "TC": 25.89}
24;0000B827EB24A52C;20;4;-84;20;5;SF7BW500;2025-07-04 15:53:53;{"RSSI": -84, "SNR": 4, "TC": 24.78}
24;0000B827EB24A52C;20;4;-85;20;5;SF7BW500;2025-07-04 15:54:09;{"RSSI": -85, "SNR": 4, "TC": 20.61}
24;0000B827EB24A52C;20;4;-86;20;5;SF7BW500;2025-07-04 15:54:41;{"RSSI": -86, "SNR": 4, "TC": 22.0}
24;0000B827EB24A52C;20;4;-86;20;5;SF7BW500;2025-07-04 15:54:56;{"RSSI": -86, "SNR": 4, "TC": 26.06}
24;0000B827EB24A52C;20;3;-87;20;5;SF7BW500;2025-07-04 15:55:12;{"RSSI": -87, "SNR": 3, "TC": 20.51}
24;0000B827EB24A52C;20;4;-85;20;5;SF7BW500;2025-07-04 15:55:27;{"RSSI": -85, "SNR": 4, "TC": 25.3}
24;0000B827EB24A52C;20;4;-86;20;5;SF7BW500;2025-07-04 15:55:42;{"RSSI": -86, "SNR": 4, "TC": 27.38}
24;0000B827EB24A52C;20;3;-86;20;5;SF7BW500;2025-07-04 15:55:58;{"RSSI": -86, "SNR": 3, "TC": 26.84}
24;0000B827EB24A52C;20;4;-85;20;5;SF7BW500;2025-07-04 15:56:13;{"RSSI": -85, "SNR": 4, "TC": 20.07}
24;0000B827EB24A52C;20;4;-86;20;5;SF7BW500;2025-07-04 15:56:28;{"RSSI": -86, "SNR": 4, "TC": 25.54}
24;0000B827EB24A52C;20;3;-86;20;5;SF7BW500;2025-07-04 15:56:43;{"RSSI": -86, "SNR": 3, "TC": 21.28}
24;0000B827EB24A52C;20;4;-86;20;5;SF7BW500;2025-07-04 15:56:59;{"RSSI": -86, "SNR": 4, "TC": 22.7}
24;0000B827EB24A52C;20;4;-86;20;5;SF7BW500;2025-07-04 15:57:14;{"RSSI": -86, "SNR": 4, "TC": 28.46}
24;0000B827EB24A52C;20;3;-87;20;5;SF7BW500;2025-07-04 15:57:29;{"RSSI": -87, "SNR": 3, "TC": 20.43}
24;0000B827EB24A52C;20;4;-84;20;5;SF7BW500;2025-07-04 15:57:45;{"RSSI": -84, "SNR": 4, "TC": 28.07}
24;0000B827EB24A52C;20;4;-84;20;5;SF7BW500;2025-07-04 15:58:00;{"RSSI": -84, "SNR": 4, "TC": 28.52}
24;0000B827EB24A52C;20;3;-85;20;5;SF7BW500;2025-07-04 15:58:15;{"RSSI": -85, "SNR": 3, "TC": 23.62}
24;0000B827EB24A52C;20;4;-82;20;5;SF7BW500;2025-07-04 15:58:30;{"RSSI": -82, "SNR": 4, "TC": 23.19}
24;0000B827EB24A52C;20;5;-82;20;5;SF7BW500;2025-07-04 15:58:46;{"RSSI": -82, "SNR": 5, "TC": 22.55}
24;0000B827EB24A52C;20;5;-83;20;5;SF7BW500;2025-07-04 15:59:18;{"RSSI": -83, "SNR": 5, "TC": 25.98}
24;0000B827EB24A52C;20;5;-83;20;5;SF7BW500;2025-07-04 15:59:33;{"RSSI": -83, "SNR": 5, "TC": 24.44}
24;0000B827EB24A52C;20;4;-84;20;5;SF7BW500;2025-07-04 15:59:49;{"RSSI": -84, "SNR": 4, "TC": 20.65}
24;0000B827EB24A52C;20;5;-83;20;5;SF7BW500;2025-07-04 16:00:04;{"RSSI": -83, "SNR": 5, "TC": 21.73}
24;0000B827EB24A52C;20;5;-83;20;5;SF7BW500;2025-07-04 16:00:36;{"RSSI": -83, "SNR": 5, "TC": 20.34}
24;0000B827EB24A52C;20;4;-83;20;5;SF7BW500;2025-07-04 16:00:52;{"RSSI": -83, "SNR": 4, "TC": 22.84}
24;0000B827EB24A52C;20;4;-86;20;5;SF7BW500;2025-07-04 16:01:07;{"RSSI": -86, "SNR": 4, "TC": 20.48}
24;0000B827EB24A52C;20;4;-86;20;5;SF7BW500;2025-07-04 16:01:22;{"RSSI": -86, "SNR": 4, "TC": 27.67}
24;0000B827EB24A52C;20;4;-85;20;5;SF7BW500;2025-07-04 16:01:38;{"RSSI": -85, "SNR": 4, "TC": 21.88}
24;0000B827EB24A52C;20;4;-85;20;5;SF7BW500;2025-07-04 16:01:53;{"RSSI": -85, "SNR": 4, "TC": 24.72}
24;0000B827EB24A52C;20;4;-85;20;5;SF7BW500;2025-07-04 16:02:08;{"RSSI": -85, "SNR": 4, "TC": 22.95}
24;0000B827EB24A52C;20;5;-83;20;5;SF7BW500;2025-07-04 16:02:23;{"RSSI": -83, "SNR": 5, "TC": 27.73}
24;0000B827EB24A52C;20;5;-83;20;5;SF7BW500;2025-07-04 16:02:39;{"RSSI": -83, "SNR": 5, "TC": 20.3}
24;0000B827EB24A52C;20;4;-84;20;5;SF7BW500;2025-07-04 16:02:54;{"RSSI": -84, "SNR": 4, "TC": 22.28}
24;0000B827EB24A52C;20;4;-84;20;5;SF7BW500;2025-07-04 16:03:09;{"RSSI": -84, "SNR": 4, "TC": 21.7}
24;0000B827EB24A52C;20;4;-84;20;5;SF7BW500;2025-07-04 16:03:25;{"RSSI": -84, "SNR": 4, "TC": 23.96}
24;0000B827EB24A52C;20;4;-85;20;5;SF7BW500;2025-07-04 16:03:40;{"RSSI": -85, "SNR": 4, "TC": 21.45}
24;0000B827EB24A52C;20;4;-84;20;5;SF7BW500;2025-07-04 16:03:57;{"RSSI": -84, "SNR": 4, "TC": 28.11}
24;0000B827EB24A52C;20;5;-83;20;5;SF7BW500;2025-07-04 16:04:12;{"RSSI": -83, "SNR": 5, "TC": 27.62}
24;0000B827EB24A52C;20;5;-84;20;5;SF7BW500;2025-07-04 16:04:28;{"RSSI": -84, "SNR": 5, "TC": 24.8}
24;0000B827EB24A52C;20;4;-83;20;5;SF7BW500;2025-07-04 16:04:43;{"RSSI": -83, "SNR": 4, "TC": 20.29}
24;0000B827EB24A52C;20;5;-84;20;5;SF7BW500;2025-07-04 16:04:58;{"RSSI": -84, "SNR": 5, "TC": 23.12}
24;0000B827EB24A52C;20;5;-83;20;5;SF7BW500;2025-07-04 16:05:13;{"RSSI": -83, "SNR": 5, "TC": 20.5}
24;0000B827EB24A52C;20;3;-87;20;5;SF7BW500;2025-07-04 16:05:29;{"RSSI": -87, "SNR": 3, "TC": 25.59}
24;0000B827EB24A52C;20;5;-83;20;5;SF7BW500;2025-07-04 16:05:44;{"RSSI": -83, "SNR": 5, "TC": 20.92}
24;0000B827EB24A52C;20;4;-82;20;5;SF7BW500;2025-07-04 16:05:59;{"RSSI": -82, "SNR": 4, "TC": 20.29}
24;0000B827EB24A52C;20;4;-85;20;5;SF7BW500;2025-07-04 16:06:15;{"RSSI": -85, "SNR": 4, "TC": 26.59}
24;0000B827EB24A52C;20;4;-86;20;5;SF7BW500;2025-07-04 16:06:30;{"RSSI": -86, "SNR": 4, "TC": 20.79}
24;0000B827EB24A52C;20;5;-82;20;5;SF7BW500;2025-07-04 16:06:45;{"RSSI": -82, "SNR": 5, "TC": 25.71}
24;0000B827EB24A52C;20;5;-81;20;5;SF7BW500;2025-07-04 16:07:00;{"RSSI": -81, "SNR": 5, "TC": 21.8}
24;0000B827EB24A52C;20;5;-82;20;5;SF7BW500;2025-07-04 16:07:16;{"RSSI": -82, "SNR": 5, "TC": 23.21}
24;0000B827EB24A52C;20;6;-81;20;5;SF7BW500;2025-07-04 16:07:31;{"RSSI": -81, "SNR": 6, "TC": 21.55}
24;0000B827EB24A52C;20;5;-83;20;5;SF7BW500;2025-07-04 16:07:46;{"RSSI": -83, "SNR": 5, "TC": 23.9}
24;0000B827EB24A52C;20;5;-82;20;5;SF7BW500;2025-07-04 16:08:01;{"RSSI": -82, "SNR": 5, "TC": 21.95}
24;0000B827EB24A52C;20;5;-83;20;5;SF7BW500;2025-07-04 16:08:19;{"RSSI": -83, "SNR": 5, "TC": 28.04}
24;0000B827EB24A52C;20;5;-83;20;5;SF7BW500;2025-07-04 16:08:34;{"RSSI": -83, "SNR": 5, "TC": 25.29}
24;0000B827EB24A52C;20;5;-82;20;5;SF7BW500;2025-07-04 16:08:49;{"RSSI": -82, "SNR": 5, "TC": 21.75}
24;0000B827EB24A52C;20;5;-82;20;5;SF7BW500;2025-07-04 16:09:04;{"RSSI": -82, "SNR": 5, "TC": 21.15}
24;0000B827EB24A52C;20;5;-82;20;5;SF7BW500;2025-07-04 16:09:20;{"RSSI": -82, "SNR": 5, "TC": 20.79}
24;0000B827EB24A52C;20;4;-84;20;5;SF7BW500;2025-07-04 16:09:35;{"RSSI": -84, "SNR": 4, "TC": 25.87}
24;0000B827EB24A52C;20;5;-83;20;5;SF7BW500;2025-07-04 16:09:50;{"RSSI": -83, "SNR": 5, "TC": 24.28}
24;0000B827EB24A52C;20;5;-81;20;5;SF7BW500;2025-07-04 16:10:06;{"RSSI": -81, "SNR": 5, "TC": 28.62}
24;0000B827EB24A52C;20;4;-83;20;5;SF7BW500;2025-07-04 16:10:21;{"RSSI": -83, "SNR": 4, "TC": 22.48}
24;0000B827EB24A52C;20;5;-81;20;5;SF7BW500;2025-07-04 16:10:36;{"RSSI": -81, "SNR": 5, "TC": 26.82}
24;0000B827EB24A52C;20;5;-81;20;5;SF7BW500;2025-07-04 16:10:51;{"RSSI": -81, "SNR": 5, "TC": 27.59}
24;0000B827EB24A52C;20;5;-81;20;5;SF7BW500;2025-07-04 16:11:07;{"RSSI": -81, "SNR": 5, "TC": 26.59}
24;0000B827EB24A52C;20;5;-81;20;5;SF7BW500;2025-07-04 16:11:22;{"RSSI": -81, "SNR": 5, "TC": 25.81}
24;0000B827EB24A52C;20;5;-81;20;5;SF7BW500;2025-07-04 16:11:37;{"RSSI": -81, "SNR": 5, "TC": 26.54}
24;0000B827EB24A52C;20;5;-80;20;5;SF7BW500;2025-07-04 16:11:53;{"RSSI": -80, "SNR": 5, "TC": 20.8}
24;0000B827EB24A52C;20;4;-84;20;5;SF7BW500;2025-07-04 16:12:08;{"RSSI": -84, "SNR": 4, "TC": 27.28}
24;0000B827EB24A52C;20;5;-83;20;5;SF7BW500;2025-07-04 16:12:23;{"RSSI": -83, "SNR": 5, "TC": 26.44}
24;0000B827EB24A52C;20;5;-81;20;5;SF7BW500;2025-07-04 16:12:38;{"RSSI": -81, "SNR": 5, "TC": 22.95}
24;0000B827EB24A52C;20;5;-83;20;5;SF7BW500;2025-07-04 16:12:54;{"RSSI": -83, "SNR": 5, "TC": 26.1}
24;0000B827EB24A52C;20;4;-84;20;5;SF7BW500;2025-07-04 16:13:09;{"RSSI": -84, "SNR": 4, "TC": 20.22}
24;0000B827EB24A52C;20;5;-83;20;5;SF7BW500;2025-07-04 16:13:24;{"RSSI": -83, "SNR": 5, "TC": 27.19}
24;0000B827EB24A52C;20;5;-82;20;5;SF7BW500;2025-07-04 16:13:40;{"RSSI": -82, "SNR": 5, "TC": 20.3}
24;0000B827EB24A52C;20;4;-84;20;5;SF7BW500;2025-07-04 16:13:55;{"RSSI": -84, "SNR": 4, "TC": 25.45}
24;0000B827EB24A52C;20;5;-84;20;5;SF7BW500;2025-07-04 16:14:10;{"RSSI": -84, "SNR": 5, "TC": 24.7}
24;0000B827EB24A52C;20;5;-82;20;5;SF7BW500;2025-07-04 16:14:25;{"RSSI": -82, "SNR": 5, "TC": 21.1}
24;0000B827EB24A52C;20;5;-82;20;5;SF7BW500;2025-07-04 16:14:41;{"RSSI": -82, "SNR": 5, "TC": 22.63}
24;0000B827EB24A52C;20;5;-83;20;5;SF7BW500;2025-07-04 16:14:56;{"RSSI": -83, "SNR": 5, "TC": 23.61}
24;0000B827EB24A52C;20;4;-83;20;5;SF7BW500;2025-07-04 16:15:11;{"RSSI": -83, "SNR": 4, "TC": 27.2}
24;0000B827EB24A52C;20;4;-86;20;5;SF7BW500;2025-07-04 16:15:27;{"RSSI": -86, "SNR": 4, "TC": 28.61}
24;0000B827EB24A52C;20;2;-88;20;5;SF7BW500;2025-07-04 16:15:42;{"RSSI": -88, "SNR": 2, "TC": 22.34}
24;0000B827EB24A52C;20;4;-85;20;5;SF7BW500;2025-07-04 16:15:57;{"RSSI": -85, "SNR": 4, "TC": 20.89}
24;0000B827EB24A52C;20;4;-85;20;5;SF7BW500;2025-07-04 16:16:12;{"RSSI": -85, "SNR": 4, "TC": 27.6}
24;0000B827EB24A52C;20;4;-84;20;5;SF7BW500;2025-07-04 16:16:28;{"RSSI": -84, "SNR": 4, "TC": 28.28}
24;0000B827EB24A52C;20;5;-85;20;5;SF7BW500;2025-07-04 16:16:43;{"RSSI": -85, "SNR": 5, "TC": 26.8}
24;0000B827EB24A52C;20;4;-84;20;5;SF7BW500;2025-07-04 16:16:58;{"RSSI": -84, "SNR": 4, "TC": 23.68}
24;0000B827EB24A52C;20;5;-82;20;5;SF7BW500;2025-07-04 16:17:13;{"RSSI": -82, "SNR": 5, "TC": 27.21}
24;0000B827EB24A52C;20;5;-81;20;5;SF7BW500;2025-07-04 16:17:29;{"RSSI": -81, "SNR": 5, "TC": 25.17}
24;0000B827EB24A52C;20;5;-82;20;5;SF7BW500;2025-07-04 16:17:44;{"RSSI": -82, "SNR": 5, "TC": 26.63}
24;0000B827EB24A52C;20;5;-83;20;5;SF7BW500;2025-07-04 16:17:59;{"RSSI": -83, "SNR": 5, "TC": 22.55}
24;0000B827EB24A52C;20;5;-82;20;5;SF7BW500;2025-07-04 16:18:15;{"RSSI": -82, "SNR": 5, "TC": 23.4}
24;0000B827EB24A52C;20;4;-84;20;5;SF7BW500;2025-07-04 16:18:30;{"RSSI": -84, "SNR": 4, "TC": 21.36}
24;0000B827EB24A52C;20;5;-82;20;5;SF7BW500;2025-07-04 16:18:45;{"RSSI": -82, "SNR": 5, "TC": 28.28}
24;0000B827EB24A52C;20;5;-82;20;5;SF7BW500;2025-07-04 16:19:00;{"RSSI": -82, "SNR": 5, "TC": 23.02}
24;0000B827EB24A52C;20;5;-82;20;5;SF7BW500;2025-07-04 16:19:16;{"RSSI": -82, "SNR": 5, "TC": 21.15}
24;0000B827EB24A52C;20;4;-84;20;5;SF7BW500;2025-07-04 16:19:48;{"RSSI": -84, "SNR": 4, "TC": 20.71}
24;0000B827EB24A52C;20;5;-82;20;5;SF7BW500;2025-07-04 16:20:03;{"RSSI": -82, "SNR": 5, "TC": 28.22}
24;0000B827EB24A52C;20;5;-83;20;5;SF7BW500;2025-07-04 16:20:19;{"RSSI": -83, "SNR": 5, "TC": 20.04}
24;0000B827EB24A52C;20;4;-84;20;5;SF7BW500;2025-07-04 16:20:34;{"RSSI": -84, "SNR": 4, "TC": 21.32}
24;0000B827EB24A52C;20;4;-84;20;5;SF7BW500;2025-07-04 16:20:49;{"RSSI": -84, "SNR": 4, "TC": 27.53}
24;0000B827EB24A52C;20;4;-84;20;5;SF7BW500;2025-07-04 16:21:05;{"RSSI": -84, "SNR": 4, "TC": 28.25}
24;0000B827EB24A52C;20;4;-85;20;5;SF7BW500;2025-07-04 16:21:20;{"RSSI": -85, "SNR": 4, "TC": 21.53}
24;0000B827EB24A52C;20;4;-86;20;5;SF7BW500;2025-07-04 16:21:35;{"RSSI": -86, "SNR": 4, "TC": 23.32}
24;0000B827EB24A52C;20;4;-87;20;5;SF7BW500;2025-07-04 16:21:50;{"RSSI": -87, "SNR": 4, "TC": 26.38}
24;0000B827EB24A52C;20;4;-86;20;5;SF7BW500;2025-07-04 16:22:06;{"RSSI": -86, "SNR": 4, "TC": 27.57}
255;0000B827EB24A52C;0;0;0;21;5;SF12BW125;2025-07-04 16:22:13;{"RSSI": 0, "SNR": 0, "DEF": "MIN-SF7-BW500-T20-END"}
24;0000B827EB24A52C;20;3;-86;20;5;SF7BW500;2025-07-04 16:22:21;{"RSSI": -86, "SNR": 3, "TC": 21.6}
24;0000B827EB24A52C;20;4;-85;20;5;SF7BW500;2025-07-04 16:22:36;{"RSSI": -85, "SNR": 4, "TC": 26.29}
24;0000B827EB24A52C;20;4;-84;20;5;SF7BW500;2025-07-04 16:22:52;{"RSSI": -84, "SNR": 4, "TC": 27.97}
255;0000B827EB24A52C;0;0;0;23;5;SF12BW125;2025-07-04 16:25:01;{"RSSI": 0, "SNR": 0, "DEF": "MIN-SF7-BW125-T50-START"}
24;0000B827EB24A52C;20;6;-83;50;5;SF7BW125;2025-07-04 16:25:10;{"RSSI": -83, "SNR": 6, "TC": 27.59}
24;0000B827EB24A52C;20;5;-82;50;5;SF7BW125;2025-07-04 16:25:26;{"RSSI": -82, "SNR": 5, "TC": 23.45}
24;0000B827EB24A52C;20;6;-81;50;5;SF7BW125;2025-07-04 16:25:41;{"RSSI": -81, "SNR": 6, "TC": 25.27}
24;0000B827EB24A52C;20;6;-86;50;5;SF7BW125;2025-07-04 16:25:56;{"RSSI": -86, "SNR": 6, "TC": 27.47}
24;0000B827EB24A52C;20;6;-81;50;5;SF7BW125;2025-07-04 16:26:12;{"RSSI": -81, "SNR": 6, "TC": 28.7}
24;0000B827EB24A52C;20;6;-85;50;5;SF7BW125;2025-07-04 16:26:27;{"RSSI": -85, "SNR": 6, "TC": 25.92}
24;0000B827EB24A52C;20;6;-86;50;5;SF7BW125;2025-07-04 16:26:43;{"RSSI": -86, "SNR": 6, "TC": 20.28}
24;0000B827EB24A52C;20;6;-81;50;5;SF7BW125;2025-07-04 16:26:58;{"RSSI": -81, "SNR": 6, "TC": 24.43}
24;0000B827EB24A52C;20;6;-82;50;5;SF7BW125;2025-07-04 16:27:13;{"RSSI": -82, "SNR": 6, "TC": 21.62}
24;0000B827EB24A52C;20;6;-80;50;5;SF7BW125;2025-07-04 16:27:29;{"RSSI": -80, "SNR": 6, "TC": 24.71}
24;0000B827EB24A52C;20;6;-81;50;5;SF7BW125;2025-07-04 16:27:44;{"RSSI": -81, "SNR": 6, "TC": 27.09}
24;0000B827EB24A52C;20;6;-82;50;5;SF7BW125;2025-07-04 16:28:00;{"RSSI": -82, "SNR": 6, "TC": 27.86}
24;0000B827EB24A52C;20;6;-82;50;5;SF7BW125;2025-07-04 16:28:15;{"RSSI": -82, "SNR": 6, "TC": 24.69}
24;0000B827EB24A52C;20;6;-82;50;5;SF7BW125;2025-07-04 16:28:31;{"RSSI": -82, "SNR": 6, "TC": 21.56}
24;0000B827EB24A52C;20;6;-83;50;5;SF7BW125;2025-07-04 16:28:46;{"RSSI": -83, "SNR": 6, "TC": 27.86}
24;0000B827EB24A52C;20;4;-89;50;5;SF7BW125;2025-07-04 16:29:01;{"RSSI": -89, "SNR": 4, "TC": 21.15}
24;0000B827EB24A52C;20;6;-86;50;5;SF7BW125;2025-07-04 16:29:17;{"RSSI": -86, "SNR": 6, "TC": 25.54}
24;0000B827EB24A52C;20;4;-88;50;5;SF7BW125;2025-07-04 16:29:32;{"RSSI": -88, "SNR": 4, "TC": 22.14}
24;0000B827EB24A52C;20;3;-93;50;5;SF7BW125;2025-07-04 16:29:48;{"RSSI": -93, "SNR": 3, "TC": 22.65}
24;0000B827EB24A52C;20;6;-83;50;5;SF7BW125;2025-07-04 16:30:03;{"RSSI": -83, "SNR": 6, "TC": 22.77}
24;0000B827EB24A52C;20;7;-82;50;5;SF7BW125;2025-07-04 16:30:18;{"RSSI": -82, "SNR": 7, "TC": 22.12}
24;0000B827EB24A52C;20;6;-82;50;5;SF7BW125;2025-07-04 16:30:34;{"RSSI": -82, "SNR": 6, "TC": 26.3}
24;0000B827EB24A52C;20;5;-82;50;5;SF7BW125;2025-07-04 16:30:49;{"RSSI": -82, "SNR": 5, "TC": 28.62}
24;0000B827EB24A52C;20;7;-81;50;5;SF7BW125;2025-07-04 16:31:05;{"RSSI": -81, "SNR": 7, "TC": 27.23}
24;0000B827EB24A52C;20;6;-81;50;5;SF7BW125;2025-07-04 16:31:20;{"RSSI": -81, "SNR": 6, "TC": 21.32}
24;0000B827EB24A52C;20;6;-83;50;5;SF7BW125;2025-07-04 16:31:35;{"RSSI": -83, "SNR": 6, "TC": 25.27}
24;0000B827EB24A52C;20;6;-80;50;5;SF7BW125;2025-07-04 16:31:51;{"RSSI": -80, "SNR": 6, "TC": 22.29}
24;0000B827EB24A52C;20;6;-81;50;5;SF7BW125;2025-07-04 16:32:06;{"RSSI": -81, "SNR": 6, "TC": 21.44}
24;0000B827EB24A52C;20;6;-81;50;5;SF7BW125;2025-07-04 16:32:22;{"RSSI": -81, "SNR": 6, "TC": 23.51}
24;0000B827EB24A52C;20;6;-81;50;5;SF7BW125;2025-07-04 16:32:37;{"RSSI": -81, "SNR": 6, "TC": 25.79}
24;0000B827EB24A52C;20;6;-81;50;5;SF7BW125;2025-07-04 16:32:53;{"RSSI": -81, "SNR": 6, "TC": 25.06}
24;0000B827EB24A52C;20;6;-81;50;5;SF7BW125;2025-07-04 16:33:08;{"RSSI": -81, "SNR": 6, "TC": 28.0}
24;0000B827EB24A52C;20;6;-81;50;5;SF7BW125;2025-07-04 16:33:23;{"RSSI": -81, "SNR": 6, "TC": 20.1}
24;0000B827EB24A52C;20;5;-87;50;5;SF7BW125;2025-07-04 16:33:39;{"RSSI": -87, "SNR": 5, "TC": 26.9}
24;0000B827EB24A52C;20;6;-81;50;5;SF7BW125;2025-07-04 16:33:54;{"RSSI": -81, "SNR": 6, "TC": 21.25}
24;0000B827EB24A52C;20;5;-85;50;5;SF7BW125;2025-07-04 16:34:10;{"RSSI": -85, "SNR": 5, "TC": 20.29}
24;0000B827EB24A52C;20;4;-89;50;5;SF7BW125;2025-07-04 16:34:25;{"RSSI": -89, "SNR": 4, "TC": 22.53}
24;0000B827EB24A52C;20;6;-86;50;5;SF7BW125;2025-07-04 16:34:40;{"RSSI": -86, "SNR": 6, "TC": 21.57}
24;0000B827EB24A52C;20;6;-86;50;5;SF7BW125;2025-07-04 16:34:56;{"RSSI": -86, "SNR": 6, "TC": 27.62}
24;0000B827EB24A52C;20;6;-82;50;5;SF7BW125;2025-07-04 16:35:11;{"RSSI": -82, "SNR": 6, "TC": 25.68}
24;0000B827EB24A52C;20;6;-81;50;5;SF7BW125;2025-07-04 16:35:27;{"RSSI": -81, "SNR": 6, "TC": 24.26}
24;0000B827EB24A52C;20;6;-82;50;5;SF7BW125;2025-07-04 16:35:42;{"RSSI": -82, "SNR": 6, "TC": 27.19}
24;0000B827EB24A52C;20;6;-80;50;5;SF7BW125;2025-07-04 16:35:57;{"RSSI": -80, "SNR": 6, "TC": 24.04}
24;0000B827EB24A52C;20;7;-80;50;5;SF7BW125;2025-07-04 16:36:13;{"RSSI": -80, "SNR": 7, "TC": 23.92}
24;0000B827EB24A52C;20;6;-79;50;5;SF7BW125;2025-07-04 16:36:28;{"RSSI": -79, "SNR": 6, "TC": 22.7}
24;0000B827EB24A52C;20;6;-79;50;5;SF7BW125;2025-07-04 16:36:44;{"RSSI": -79, "SNR": 6, "TC": 26.62}
24;0000B827EB24A52C;20;6;-80;50;5;SF7BW125;2025-07-04 16:36:59;{"RSSI": -80, "SNR": 6, "TC": 28.17}
24;0000B827EB24A52C;20;6;-79;50;5;SF7BW125;2025-07-04 16:37:14;{"RSSI": -79, "SNR": 6, "TC": 24.12}
24;0000B827EB24A52C;20;6;-80;50;5;SF7BW125;2025-07-04 16:37:30;{"RSSI": -80, "SNR": 6, "TC": 24.7}
24;0000B827EB24A52C;20;6;-80;50;5;SF7BW125;2025-07-04 16:37:45;{"RSSI": -80, "SNR": 6, "TC": 26.35}
24;0000B827EB24A52C;20;6;-84;50;5;SF7BW125;2025-07-04 16:38:01;{"RSSI": -84, "SNR": 6, "TC": 21.87}
24;0000B827EB24A52C;20;6;-82;50;5;SF7BW125;2025-07-04 16:38:16;{"RSSI": -82, "SNR": 6, "TC": 22.78}
24;0000B827EB24A52C;20;6;-82;50;5;SF7BW125;2025-07-04 16:38:32;{"RSSI": -82, "SNR": 6, "TC": 26.22}
24;0000B827EB24A52C;20;6;-83;50;5;SF7BW125;2025-07-04 16:38:47;{"RSSI": -83, "SNR": 6, "TC": 21.07}
24;0000B827EB24A52C;20;6;-82;50;5;SF7BW125;2025-07-04 16:39:02;{"RSSI": -82, "SNR": 6, "TC": 20.26}
24;0000B827EB24A52C;20;6;-83;50;5;SF7BW125;2025-07-04 16:39:18;{"RSSI": -83, "SNR": 6, "TC": 22.05}
24;0000B827EB24A52C;20;6;-85;50;5;SF7BW125;2025-07-04 16:39:33;{"RSSI": -85, "SNR": 6, "TC": 28.54}
24;0000B827EB24A52C;20;6;-83;50;5;SF7BW125;2025-07-04 16:39:49;{"RSSI": -83, "SNR": 6, "TC": 22.76}
24;0000B827EB24A52C;20;6;-81;50;5;SF7BW125;2025-07-04 16:40:04;{"RSSI": -81, "SNR": 6, "TC": 25.95}
24;0000B827EB24A52C;20;6;-81;50;5;SF7BW125;2025-07-04 16:40:19;{"RSSI": -81, "SNR": 6, "TC": 26.63}
24;0000B827EB24A52C;20;5;-83;50;5;SF7BW125;2025-07-04 16:40:35;{"RSSI": -83, "SNR": 5, "TC": 25.15}
24;0000B827EB24A52C;20;6;-86;50;5;SF7BW125;2025-07-04 16:40:50;{"RSSI": -86, "SNR": 6, "TC": 21.9}
24;0000B827EB24A52C;20;6;-83;50;5;SF7BW125;2025-07-04 16:41:06;{"RSSI": -83, "SNR": 6, "TC": 24.97}
24;0000B827EB24A52C;20;6;-83;50;5;SF7BW125;2025-07-04 16:41:21;{"RSSI": -83, "SNR": 6, "TC": 28.47}
24;0000B827EB24A52C;20;6;-83;50;5;SF7BW125;2025-07-04 16:41:36;{"RSSI": -83, "SNR": 6, "TC": 27.51}
24;0000B827EB24A52C;20;6;-83;50;5;SF7BW125;2025-07-04 16:41:52;{"RSSI": -83, "SNR": 6, "TC": 25.77}
24;0000B827EB24A52C;20;6;-83;50;5;SF7BW125;2025-07-04 16:42:07;{"RSSI": -83, "SNR": 6, "TC": 24.61}
24;0000B827EB24A52C;20;6;-82;50;5;SF7BW125;2025-07-04 16:42:23;{"RSSI": -82, "SNR": 6, "TC": 27.28}
24;0000B827EB24A52C;20;6;-82;50;5;SF7BW125;2025-07-04 16:42:38;{"RSSI": -82, "SNR": 6, "TC": 26.35}
24;0000B827EB24A52C;20;6;-83;50;5;SF7BW125;2025-07-04 16:42:53;{"RSSI": -83, "SNR": 6, "TC": 25.07}
24;0000B827EB24A52C;20;6;-82;50;5;SF7BW125;2025-07-04 16:43:09;{"RSSI": -82, "SNR": 6, "TC": 21.79}
24;0000B827EB24A52C;20;6;-83;50;5;SF7BW125;2025-07-04 16:43:24;{"RSSI": -83, "SNR": 6, "TC": 25.22}
24;0000B827EB24A52C;20;3;-93;50;5;SF7BW125;2025-07-04 16:43:40;{"RSSI": -93, "SNR": 3, "TC": 23.92}
24;0000B827EB24A52C;20;6;-80;50;5;SF7BW125;2025-07-04 16:43:55;{"RSSI": -80, "SNR": 6, "TC": 25.78}
24;0000B827EB24A52C;20;6;-80;50;5;SF7BW125;2025-07-04 16:44:10;{"RSSI": -80, "SNR": 6, "TC": 27.95}
24;0000B827EB24A52C;20;6;-81;50;5;SF7BW125;2025-07-04 16:44:26;{"RSSI": -81, "SNR": 6, "TC": 26.75}
24;0000B827EB24A52C;20;6;-81;50;5;SF7BW125;2025-07-04 16:44:41;{"RSSI": -81, "SNR": 6, "TC": 22.62}
24;0000B827EB24A52C;20;6;-79;50;5;SF7BW125;2025-07-04 16:44:57;{"RSSI": -79, "SNR": 6, "TC": 25.19}
24;0000B827EB24A52C;20;6;-79;50;5;SF7BW125;2025-07-04 16:45:12;{"RSSI": -79, "SNR": 6, "TC": 22.35}
24;0000B827EB24A52C;20;6;-79;50;5;SF7BW125;2025-07-04 16:45:28;{"RSSI": -79, "SNR": 6, "TC": 25.68}
24;0000B827EB24A52C;20;6;-80;50;5;SF7BW125;2025-07-04 16:45:43;{"RSSI": -80, "SNR": 6, "TC": 22.34}
24;0000B827EB24A52C;20;6;-80;50;5;SF7BW125;2025-07-04 16:45:58;{"RSSI": -80, "SNR": 6, "TC": 27.78}
24;0000B827EB24A52C;20;6;-79;50;5;SF7BW125;2025-07-04 16:46:14;{"RSSI": -79, "SNR": 6, "TC": 26.45}
24;0000B827EB24A52C;20;6;-79;50;5;SF7BW125;2025-07-04 16:46:29;{"RSSI": -79, "SNR": 6, "TC": 22.75}
24;0000B827EB24A52C;20;6;-78;50;5;SF7BW125;2025-07-04 16:46:45;{"RSSI": -78, "SNR": 6, "TC": 26.87}
24;0000B827EB24A52C;20;6;-79;50;5;SF7BW125;2025-07-04 16:47:00;{"RSSI": -79, "SNR": 6, "TC": 24.37}
24;0000B827EB24A52C;20;6;-80;50;5;SF7BW125;2025-07-04 16:47:15;{"RSSI": -80, "SNR": 6, "TC": 21.34}
24;0000B827EB24A52C;20;6;-79;50;5;SF7BW125;2025-07-04 16:47:31;{"RSSI": -79, "SNR": 6, "TC": 28.75}
24;0000B827EB24A52C;20;6;-79;50;5;SF7BW125;2025-07-04 16:47:46;{"RSSI": -79, "SNR": 6, "TC": 20.54}
24;0000B827EB24A52C;20;6;-80;50;5;SF7BW125;2025-07-04 16:48:02;{"RSSI": -80, "SNR": 6, "TC": 20.98}
24;0000B827EB24A52C;20;6;-79;50;5;SF7BW125;2025-07-04 16:48:17;{"RSSI": -79, "SNR": 6, "TC": 22.93}
24;0000B827EB24A52C;20;6;-79;50;5;SF7BW125;2025-07-04 16:48:32;{"RSSI": -79, "SNR": 6, "TC": 25.32}
24;0000B827EB24A52C;20;6;-80;50;5;SF7BW125;2025-07-04 16:48:48;{"RSSI": -80, "SNR": 6, "TC": 24.46}
24;0000B827EB24A52C;20;5;-85;50;5;SF7BW125;2025-07-04 16:49:03;{"RSSI": -85, "SNR": 5, "TC": 28.29}
24;0000B827EB24A52C;20;6;-78;50;5;SF7BW125;2025-07-04 16:49:19;{"RSSI": -78, "SNR": 6, "TC": 21.64}
24;0000B827EB24A52C;20;6;-79;50;5;SF7BW125;2025-07-04 16:49:34;{"RSSI": -79, "SNR": 6, "TC": 27.81}
24;0000B827EB24A52C;20;6;-79;50;5;SF7BW125;2025-07-04 16:49:49;{"RSSI": -79, "SNR": 6, "TC": 23.13}
24;0000B827EB24A52C;20;6;-79;50;5;SF7BW125;2025-07-04 16:50:05;{"RSSI": -79, "SNR": 6, "TC": 28.4}
24;0000B827EB24A52C;20;6;-79;50;5;SF7BW125;2025-07-04 16:50:20;{"RSSI": -79, "SNR": 6, "TC": 21.9}
24;0000B827EB24A52C;20;6;-79;50;5;SF7BW125;2025-07-04 16:50:36;{"RSSI": -79, "SNR": 6, "TC": 28.6}
24;0000B827EB24A52C;20;6;-80;50;5;SF7BW125;2025-07-04 16:50:51;{"RSSI": -80, "SNR": 6, "TC": 27.12}
24;0000B827EB24A52C;20;6;-79;50;5;SF7BW125;2025-07-04 16:51:07;{"RSSI": -79, "SNR": 6, "TC": 22.29}
24;0000B827EB24A52C;20;6;-79;50;5;SF7BW125;2025-07-04 16:51:22;{"RSSI": -79, "SNR": 6, "TC": 28.0}
24;0000B827EB24A52C;20;6;-79;50;5;SF7BW125;2025-07-04 16:51:37;{"RSSI": -79, "SNR": 6, "TC": 21.67}
24;0000B827EB24A52C;20;6;-80;50;5;SF7BW125;2025-07-04 16:51:53;{"RSSI": -80, "SNR": 6, "TC": 24.87}
24;0000B827EB24A52C;20;7;-80;50;5;SF7BW125;2025-07-04 16:52:08;{"RSSI": -80, "SNR": 7, "TC": 26.86}
24;0000B827EB24A52C;20;6;-80;50;5;SF7BW125;2025-07-04 16:52:24;{"RSSI": -80, "SNR": 6, "TC": 27.95}
24;0000B827EB24A52C;20;6;-79;50;5;SF7BW125;2025-07-04 16:52:39;{"RSSI": -79, "SNR": 6, "TC": 25.02}
24;0000B827EB24A52C;20;6;-80;50;5;SF7BW125;2025-07-04 16:52:54;{"RSSI": -80, "SNR": 6, "TC": 23.82}
24;0000B827EB24A52C;20;6;-80;50;5;SF7BW125;2025-07-04 16:53:10;{"RSSI": -80, "SNR": 6, "TC": 23.36}
24;0000B827EB24A52C;20;6;-80;50;5;SF7BW125;2025-07-04 16:53:25;{"RSSI": -80, "SNR": 6, "TC": 21.88}
24;0000B827EB24A52C;20;6;-80;50;5;SF7BW125;2025-07-04 16:53:41;{"RSSI": -80, "SNR": 6, "TC": 25.25}
24;0000B827EB24A52C;20;6;-80;50;5;SF7BW125;2025-07-04 16:53:56;{"RSSI": -80, "SNR": 6, "TC": 22.21}
24;0000B827EB24A52C;20;6;-80;50;5;SF7BW125;2025-07-04 16:54:11;{"RSSI": -80, "SNR": 6, "TC": 27.04}
24;0000B827EB24A52C;20;6;-80;50;5;SF7BW125;2025-07-04 16:54:27;{"RSSI": -80, "SNR": 6, "TC": 27.9}
24;0000B827EB24A52C;20;6;-81;50;5;SF7BW125;2025-07-04 16:54:42;{"RSSI": -81, "SNR": 6, "TC": 26.73}
24;0000B827EB24A52C;20;6;-80;50;5;SF7BW125;2025-07-04 16:54:58;{"RSSI": -80, "SNR": 6, "TC": 24.62}
24;0000B827EB24A52C;20;6;-87;50;5;SF7BW125;2025-07-04 16:55:13;{"RSSI": -87, "SNR": 6, "TC": 26.82}
24;0000B827EB24A52C;20;6;-82;50;5;SF7BW125;2025-07-04 16:55:28;{"RSSI": -82, "SNR": 6, "TC": 22.19}
24;0000B827EB24A52C;20;6;-84;50;5;SF7BW125;2025-07-04 16:55:44;{"RSSI": -84, "SNR": 6, "TC": 24.29}
24;0000B827EB24A52C;20;5;-85;50;5;SF7BW125;2025-07-04 16:55:59;{"RSSI": -85, "SNR": 5, "TC": 23.75}
24;0000B827EB24A52C;20;6;-84;50;5;SF7BW125;2025-07-04 16:56:15;{"RSSI": -84, "SNR": 6, "TC": 27.62}
24;0000B827EB24A52C;20;6;-86;50;5;SF7BW125;2025-07-04 16:56:30;{"RSSI": -86, "SNR": 6, "TC": 23.36}
24;0000B827EB24A52C;20;5;-84;50;5;SF7BW125;2025-07-04 16:56:46;{"RSSI": -84, "SNR": 5, "TC": 22.07}
24;0000B827EB24A52C;20;6;-82;50;5;SF7BW125;2025-07-04 16:57:01;{"RSSI": -82, "SNR": 6, "TC": 28.46}
24;0000B827EB24A52C;20;6;-81;50;5;SF7BW125;2025-07-04 16:57:16;{"RSSI": -81, "SNR": 6, "TC": 24.11}
24;0000B827EB24A52C;20;6;-81;50;5;SF7BW125;2025-07-04 16:57:32;{"RSSI": -81, "SNR": 6, "TC": 28.0}
24;0000B827EB24A52C;20;6;-81;50;5;SF7BW125;2025-07-04 16:57:47;{"RSSI": -81, "SNR": 6, "TC": 25.95}
24;0000B827EB24A52C;20;6;-82;50;5;SF7BW125;2025-07-04 16:58:03;{"RSSI": -82, "SNR": 6, "TC": 24.45}
24;0000B827EB24A52C;20;6;-81;50;5;SF7BW125;2025-07-04 16:58:18;{"RSSI": -81, "SNR": 6, "TC": 21.62}
24;0000B827EB24A52C;20;6;-81;50;5;SF7BW125;2025-07-04 16:58:33;{"RSSI": -81, "SNR": 6, "TC": 28.54}
24;0000B827EB24A52C;20;6;-82;50;5;SF7BW125;2025-07-04 16:58:49;{"RSSI": -82, "SNR": 6, "TC": 23.86}
24;0000B827EB24A52C;20;6;-80;50;5;SF7BW125;2025-07-04 16:59:04;{"RSSI": -80, "SNR": 6, "TC": 24.1}
24;0000B827EB24A52C;20;6;-81;50;5;SF7BW125;2025-07-04 16:59:20;{"RSSI": -81, "SNR": 6, "TC": 27.72}
24;0000B827EB24A52C;20;6;-84;50;5;SF7BW125;2025-07-04 16:59:37;{"RSSI": -84, "SNR": 6, "TC": 28.35}
24;0000B827EB24A52C;20;6;-81;50;5;SF7BW125;2025-07-04 16:59:52;{"RSSI": -81, "SNR": 6, "TC": 22.7}
24;0000B827EB24A52C;20;6;-82;50;5;SF7BW125;2025-07-04 17:00:08;{"RSSI": -82, "SNR": 6, "TC": 24.2}
24;0000B827EB24A52C;20;6;-82;50;5;SF7BW125;2025-07-04 17:00:23;{"RSSI": -82, "SNR": 6, "TC": 25.12}
24;0000B827EB24A52C;20;6;-82;50;5;SF7BW125;2025-07-04 17:00:39;{"RSSI": -82, "SNR": 6, "TC": 26.56}
24;0000B827EB24A52C;20;6;-81;50;5;SF7BW125;2025-07-04 17:00:54;{"RSSI": -81, "SNR": 6, "TC": 26.43}
24;0000B827EB24A52C;20;6;-82;50;5;SF7BW125;2025-07-04 17:01:09;{"RSSI": -82, "SNR": 6, "TC": 25.68}
24;0000B827EB24A52C;20;6;-85;50;5;SF7BW125;2025-07-04 17:01:25;{"RSSI": -85, "SNR": 6, "TC": 22.14}
24;0000B827EB24A52C;20;7;-80;50;5;SF7BW125;2025-07-04 17:01:40;{"RSSI": -80, "SNR": 7, "TC": 28.9}
24;0000B827EB24A52C;20;6;-80;50;5;SF7BW125;2025-07-04 17:01:56;{"RSSI": -80, "SNR": 6, "TC": 27.69}
24;0000B827EB24A52C;20;6;-83;50;5;SF7BW125;2025-07-04 17:02:11;{"RSSI": -83, "SNR": 6, "TC": 22.34}
24;0000B827EB24A52C;20;6;-80;50;5;SF7BW125;2025-07-04 17:02:26;{"RSSI": -80, "SNR": 6, "TC": 20.43}
24;0000B827EB24A52C;20;6;-82;50;5;SF7BW125;2025-07-04 17:02:42;{"RSSI": -82, "SNR": 6, "TC": 20.05}
24;0000B827EB24A52C;20;6;-85;50;5;SF7BW125;2025-07-04 17:02:57;{"RSSI": -85, "SNR": 6, "TC": 27.06}
24;0000B827EB24A52C;20;6;-85;50;5;SF7BW125;2025-07-04 17:03:13;{"RSSI": -85, "SNR": 6, "TC": 22.03}
24;0000B827EB24A52C;20;6;-85;50;5;SF7BW125;2025-07-04 17:03:28;{"RSSI": -85, "SNR": 6, "TC": 20.46}
24;0000B827EB24A52C;20;5;-83;50;5;SF7BW125;2025-07-04 17:03:43;{"RSSI": -83, "SNR": 5, "TC": 26.48}
24;0000B827EB24A52C;20;6;-80;50;5;SF7BW125;2025-07-04 17:03:59;{"RSSI": -80, "SNR": 6, "TC": 25.59}
24;0000B827EB24A52C;20;6;-81;50;5;SF7BW125;2025-07-04 17:04:14;{"RSSI": -81, "SNR": 6, "TC": 27.5}
24;0000B827EB24A52C;20;6;-80;50;5;SF7BW125;2025-07-04 17:04:30;{"RSSI": -80, "SNR": 6, "TC": 21.86}
24;0000B827EB24A52C;20;6;-81;50;5;SF7BW125;2025-07-04 17:04:45;{"RSSI": -81, "SNR": 6, "TC": 25.85}
24;0000B827EB24A52C;20;6;-82;50;5;SF7BW125;2025-07-04 17:05:00;{"RSSI": -82, "SNR": 6, "TC": 20.21}
24;0000B827EB24A52C;20;6;-80;50;5;SF7BW125;2025-07-04 17:05:16;{"RSSI": -80, "SNR": 6, "TC": 23.8}
24;0000B827EB24A52C;20;6;-80;50;5;SF7BW125;2025-07-04 17:05:31;{"RSSI": -80, "SNR": 6, "TC": 20.51}
24;0000B827EB24A52C;20;6;-80;50;5;SF7BW125;2025-07-04 17:05:47;{"RSSI": -80, "SNR": 6, "TC": 21.95}
24;0000B827EB24A52C;20;7;-80;50;5;SF7BW125;2025-07-04 17:06:02;{"RSSI": -80, "SNR": 7, "TC": 24.54}
24;0000B827EB24A52C;20;6;-79;50;5;SF7BW125;2025-07-04 17:06:18;{"RSSI": -79, "SNR": 6, "TC": 25.79}
24;0000B827EB24A52C;20;6;-79;50;5;SF7BW125;2025-07-04 17:06:33;{"RSSI": -79, "SNR": 6, "TC": 27.29}
24;0000B827EB24A52C;20;6;-79;50;5;SF7BW125;2025-07-04 17:06:48;{"RSSI": -79, "SNR": 6, "TC": 21.13}
24;0000B827EB24A52C;20;6;-80;50;5;SF7BW125;2025-07-04 17:07:04;{"RSSI": -80, "SNR": 6, "TC": 21.36}
24;0000B827EB24A52C;20;7;-80;50;5;SF7BW125;2025-07-04 17:07:19;{"RSSI": -80, "SNR": 7, "TC": 21.09}
24;0000B827EB24A52C;20;6;-80;50;5;SF7BW125;2025-07-04 17:07:35;{"RSSI": -80, "SNR": 6, "TC": 21.19}
24;0000B827EB24A52C;20;6;-80;50;5;SF7BW125;2025-07-04 17:07:50;{"RSSI": -80, "SNR": 6, "TC": 25.1}
24;0000B827EB24A52C;20;6;-80;50;5;SF7BW125;2025-07-04 17:08:05;{"RSSI": -80, "SNR": 6, "TC": 27.09}
24;0000B827EB24A52C;20;6;-82;50;5;SF7BW125;2025-07-04 17:08:21;{"RSSI": -82, "SNR": 6, "TC": 25.67}
24;0000B827EB24A52C;20;6;-80;50;5;SF7BW125;2025-07-04 17:08:36;{"RSSI": -80, "SNR": 6, "TC": 20.65}
24;0000B827EB24A52C;20;6;-80;50;5;SF7BW125;2025-07-04 17:08:52;{"RSSI": -80, "SNR": 6, "TC": 21.2}
24;0000B827EB24A52C;20;5;-82;50;5;SF7BW125;2025-07-04 17:09:07;{"RSSI": -82, "SNR": 5, "TC": 27.77}
24;0000B827EB24A52C;20;6;-80;50;5;SF7BW125;2025-07-04 17:09:22;{"RSSI": -80, "SNR": 6, "TC": 22.42}
24;0000B827EB24A52C;20;6;-80;50;5;SF7BW125;2025-07-04 17:09:38;{"RSSI": -80, "SNR": 6, "TC": 28.8}
24;0000B827EB24A52C;20;6;-81;50;5;SF7BW125;2025-07-04 17:09:53;{"RSSI": -81, "SNR": 6, "TC": 27.29}
24;0000B827EB24A52C;20;6;-83;50;5;SF7BW125;2025-07-04 17:10:09;{"RSSI": -83, "SNR": 6, "TC": 28.36}
24;0000B827EB24A52C;20;6;-81;50;5;SF7BW125;2025-07-04 17:10:24;{"RSSI": -81, "SNR": 6, "TC": 22.45}
24;0000B827EB24A52C;20;6;-81;50;5;SF7BW125;2025-07-04 17:10:41;{"RSSI": -81, "SNR": 6, "TC": 27.32}
24;0000B827EB24A52C;20;6;-81;50;5;SF7BW125;2025-07-04 17:10:57;{"RSSI": -81, "SNR": 6, "TC": 20.55}
24;0000B827EB24A52C;20;7;-81;50;5;SF7BW125;2025-07-04 17:11:12;{"RSSI": -81, "SNR": 7, "TC": 28.17}
24;0000B827EB24A52C;20;6;-81;50;5;SF7BW125;2025-07-04 17:11:28;{"RSSI": -81, "SNR": 6, "TC": 25.8}
24;0000B827EB24A52C;20;6;-80;50;5;SF7BW125;2025-07-04 17:11:43;{"RSSI": -80, "SNR": 6, "TC": 27.04}
24;0000B827EB24A52C;20;6;-80;50;5;SF7BW125;2025-07-04 17:11:58;{"RSSI": -80, "SNR": 6, "TC": 22.6}
24;0000B827EB24A52C;20;6;-80;50;5;SF7BW125;2025-07-04 17:12:14;{"RSSI": -80, "SNR": 6, "TC": 25.01}
24;0000B827EB24A52C;20;6;-81;50;5;SF7BW125;2025-07-04 17:12:29;{"RSSI": -81, "SNR": 6, "TC": 27.44}
24;0000B827EB24A52C;20;6;-81;50;5;SF7BW125;2025-07-04 17:12:45;{"RSSI": -81, "SNR": 6, "TC": 23.54}
24;0000B827EB24A52C;20;7;-80;50;5;SF7BW125;2025-07-04 17:13:00;{"RSSI": -80, "SNR": 7, "TC": 26.43}
24;0000B827EB24A52C;20;6;-81;50;5;SF7BW125;2025-07-04 17:13:15;{"RSSI": -81, "SNR": 6, "TC": 28.12}
24;0000B827EB24A52C;20;6;-80;50;5;SF7BW125;2025-07-04 17:13:31;{"RSSI": -80, "SNR": 6, "TC": 23.8}
24;0000B827EB24A52C;20;6;-83;50;5;SF7BW125;2025-07-04 17:13:46;{"RSSI": -83, "SNR": 6, "TC": 20.18}
24;0000B827EB24A52C;20;6;-82;50;5;SF7BW125;2025-07-04 17:14:02;{"RSSI": -82, "SNR": 6, "TC": 28.29}
24;0000B827EB24A52C;20;6;-78;50;5;SF7BW125;2025-07-04 17:14:17;{"RSSI": -78, "SNR": 6, "TC": 24.81}
24;0000B827EB24A52C;20;6;-78;50;5;SF7BW125;2025-07-04 17:14:32;{"RSSI": -78, "SNR": 6, "TC": 28.31}
24;0000B827EB24A52C;20;6;-79;50;5;SF7BW125;2025-07-04 17:14:48;{"RSSI": -79, "SNR": 6, "TC": 26.95}
24;0000B827EB24A52C;20;6;-81;50;5;SF7BW125;2025-07-04 17:15:03;{"RSSI": -81, "SNR": 6, "TC": 24.04}
255;0000B827EB24A52C;0;0;0;21;5;SF12BW125;2025-07-04 17:15:05;{"RSSI": 0, "SNR": 0, "DEF": "MIN-SF7-BW125-T50-END"}
24;0000B827EB24A52C;20;6;-80;50;5;SF7BW125;2025-07-04 17:15:19;{"RSSI": -80, "SNR": 6, "TC": 23.11}
24;0000B827EB24A52C;20;6;-82;50;5;SF7BW125;2025-07-04 17:15:34;{"RSSI": -82, "SNR": 6, "TC": 24.1}
24;0000B827EB24A52C;20;6;-81;50;5;SF7BW125;2025-07-04 17:15:49;{"RSSI": -81, "SNR": 6, "TC": 27.51}
24;0000B827EB24A52C;20;6;-79;80;5;SF7BW125;2025-07-04 17:16:25;{"RSSI": -79, "SNR": 6, "TC": 25.61}
24;0000B827EB24A52C;20;6;-81;80;5;SF7BW125;2025-07-04 17:17:00;{"RSSI": -81, "SNR": 6, "TC": 28.04}
24;0000B827EB24A52C;20;6;-83;80;5;SF7BW125;2025-07-04 17:17:35;{"RSSI": -83, "SNR": 6, "TC": 27.12}
255;0000B827EB24A52C;0;0;0;23;5;SF12BW125;2025-07-04 17:17:46;{"RSSI": 0, "SNR": 0, "DEF": "MIN-SF7-BW125-T80-START"}
24;0000B827EB24A52C;20;6;-81;80;5;SF7BW125;2025-07-04 17:18:10;{"RSSI": -81, "SNR": 6, "TC": 28.36}
24;0000B827EB24A52C;20;6;-80;80;5;SF7BW125;2025-07-04 17:18:26;{"RSSI": -80, "SNR": 6, "TC": 24.94}
24;0000B827EB24A52C;20;6;-80;80;5;SF7BW125;2025-07-04 17:18:41;{"RSSI": -80, "SNR": 6, "TC": 26.43}
24;0000B827EB24A52C;20;6;-80;80;5;SF7BW125;2025-07-04 17:18:57;{"RSSI": -80, "SNR": 6, "TC": 26.02}
24;0000B827EB24A52C;20;6;-80;80;5;SF7BW125;2025-07-04 17:19:12;{"RSSI": -80, "SNR": 6, "TC": 20.7}
24;0000B827EB24A52C;20;6;-80;80;5;SF7BW125;2025-07-04 17:19:28;{"RSSI": -80, "SNR": 6, "TC": 24.12}
24;0000B827EB24A52C;20;6;-80;80;5;SF7BW125;2025-07-04 17:19:43;{"RSSI": -80, "SNR": 6, "TC": 23.31}
24;0000B827EB24A52C;20;6;-80;80;5;SF7BW125;2025-07-04 17:19:59;{"RSSI": -80, "SNR": 6, "TC": 20.96}
24;0000B827EB24A52C;20;6;-80;80;5;SF7BW125;2025-07-04 17:20:14;{"RSSI": -80, "SNR": 6, "TC": 22.72}
24;0000B827EB24A52C;20;6;-80;80;5;SF7BW125;2025-07-04 17:20:30;{"RSSI": -80, "SNR": 6, "TC": 24.19}
24;0000B827EB24A52C;20;6;-80;80;5;SF7BW125;2025-07-04 17:20:45;{"RSSI": -80, "SNR": 6, "TC": 26.11}
24;0000B827EB24A52C;20;6;-80;80;5;SF7BW125;2025-07-04 17:21:00;{"RSSI": -80, "SNR": 6, "TC": 28.78}
24;0000B827EB24A52C;20;6;-80;80;5;SF7BW125;2025-07-04 17:21:16;{"RSSI": -80, "SNR": 6, "TC": 24.45}
24;0000B827EB24A52C;20;6;-81;80;5;SF7BW125;2025-07-04 17:21:31;{"RSSI": -81, "SNR": 6, "TC": 25.62}
24;0000B827EB24A52C;20;7;-81;80;5;SF7BW125;2025-07-04 17:21:47;{"RSSI": -81, "SNR": 7, "TC": 21.82}
24;0000B827EB24A52C;20;6;-80;80;5;SF7BW125;2025-07-04 17:22:02;{"RSSI": -80, "SNR": 6, "TC": 23.09}
24;0000B827EB24A52C;20;7;-80;80;5;SF7BW125;2025-07-04 17:22:18;{"RSSI": -80, "SNR": 7, "TC": 27.5}
24;0000B827EB24A52C;20;6;-83;80;5;SF7BW125;2025-07-04 17:22:33;{"RSSI": -83, "SNR": 6, "TC": 23.64}
24;0000B827EB24A52C;20;6;-81;80;5;SF7BW125;2025-07-04 17:22:49;{"RSSI": -81, "SNR": 6, "TC": 21.17}
24;0000B827EB24A52C;20;6;-81;80;5;SF7BW125;2025-07-04 17:23:04;{"RSSI": -81, "SNR": 6, "TC": 24.98}
24;0000B827EB24A52C;20;5;-82;80;5;SF7BW125;2025-07-04 17:23:20;{"RSSI": -82, "SNR": 5, "TC": 22.84}
24;0000B827EB24A52C;20;6;-81;80;5;SF7BW125;2025-07-04 17:23:35;{"RSSI": -81, "SNR": 6, "TC": 22.42}
24;0000B827EB24A52C;20;5;-82;80;5;SF7BW125;2025-07-04 17:23:51;{"RSSI": -82, "SNR": 5, "TC": 22.14}
24;0000B827EB24A52C;20;6;-81;80;5;SF7BW125;2025-07-04 17:24:06;{"RSSI": -81, "SNR": 6, "TC": 25.56}
24;0000B827EB24A52C;20;6;-81;80;5;SF7BW125;2025-07-04 17:24:21;{"RSSI": -81, "SNR": 6, "TC": 27.63}
24;0000B827EB24A52C;20;6;-81;80;5;SF7BW125;2025-07-04 17:24:37;{"RSSI": -81, "SNR": 6, "TC": 23.54}
24;0000B827EB24A52C;20;6;-81;80;5;SF7BW125;2025-07-04 17:24:52;{"RSSI": -81, "SNR": 6, "TC": 24.27}
24;0000B827EB24A52C;20;6;-82;80;5;SF7BW125;2025-07-04 17:25:08;{"RSSI": -82, "SNR": 6, "TC": 23.59}
24;0000B827EB24A52C;20;6;-81;80;5;SF7BW125;2025-07-04 17:25:23;{"RSSI": -81, "SNR": 6, "TC": 22.86}
24;0000B827EB24A52C;20;6;-81;80;5;SF7BW125;2025-07-04 17:25:39;{"RSSI": -81, "SNR": 6, "TC": 21.29}
24;0000B827EB24A52C;20;6;-82;80;5;SF7BW125;2025-07-04 17:25:54;{"RSSI": -82, "SNR": 6, "TC": 21.48}
24;0000B827EB24A52C;20;6;-82;80;5;SF7BW125;2025-07-04 17:26:10;{"RSSI": -82, "SNR": 6, "TC": 21.97}
24;0000B827EB24A52C;20;6;-82;80;5;SF7BW125;2025-07-04 17:26:25;{"RSSI": -82, "SNR": 6, "TC": 27.03}
24;0000B827EB24A52C;20;6;-82;80;5;SF7BW125;2025-07-04 17:26:41;{"RSSI": -82, "SNR": 6, "TC": 25.43}
24;0000B827EB24A52C;20;6;-81;80;5;SF7BW125;2025-07-04 17:26:56;{"RSSI": -81, "SNR": 6, "TC": 22.85}
24;0000B827EB24A52C;20;6;-80;80;5;SF7BW125;2025-07-04 17:27:12;{"RSSI": -80, "SNR": 6, "TC": 24.87}
24;0000B827EB24A52C;20;6;-80;80;5;SF7BW125;2025-07-04 17:27:27;{"RSSI": -80, "SNR": 6, "TC": 22.3}
24;0000B827EB24A52C;20;6;-81;80;5;SF7BW125;2025-07-04 17:27:42;{"RSSI": -81, "SNR": 6, "TC": 21.61}
24;0000B827EB24A52C;20;6;-81;80;5;SF7BW125;2025-07-04 17:27:58;{"RSSI": -81, "SNR": 6, "TC": 22.13}
24;0000B827EB24A52C;20;6;-81;80;5;SF7BW125;2025-07-04 17:28:13;{"RSSI": -81, "SNR": 6, "TC": 20.31}
24;0000B827EB24A52C;20;6;-82;80;5;SF7BW125;2025-07-04 17:28:29;{"RSSI": -82, "SNR": 6, "TC": 20.11}
24;0000B827EB24A52C;20;6;-81;80;5;SF7BW125;2025-07-04 17:28:44;{"RSSI": -81, "SNR": 6, "TC": 22.7}
24;0000B827EB24A52C;20;6;-81;80;5;SF7BW125;2025-07-04 17:29:00;{"RSSI": -81, "SNR": 6, "TC": 21.32}
24;0000B827EB24A52C;20;6;-81;80;5;SF7BW125;2025-07-04 17:29:15;{"RSSI": -81, "SNR": 6, "TC": 21.29}
24;0000B827EB24A52C;20;6;-81;80;5;SF7BW125;2025-07-04 17:29:31;{"RSSI": -81, "SNR": 6, "TC": 28.04}
24;0000B827EB24A52C;20;6;-82;80;5;SF7BW125;2025-07-04 17:29:46;{"RSSI": -82, "SNR": 6, "TC": 23.87}
24;0000B827EB24A52C;20;6;-81;80;5;SF7BW125;2025-07-04 17:30:02;{"RSSI": -81, "SNR": 6, "TC": 20.8}
24;0000B827EB24A52C;20;6;-82;80;5;SF7BW125;2025-07-04 17:30:17;{"RSSI": -82, "SNR": 6, "TC": 26.86}
24;0000B827EB24A52C;20;6;-81;80;5;SF7BW125;2025-07-04 17:30:33;{"RSSI": -81, "SNR": 6, "TC": 22.39}
24;0000B827EB24A52C;20;6;-79;80;5;SF7BW125;2025-07-04 17:30:48;{"RSSI": -79, "SNR": 6, "TC": 27.36}
24;0000B827EB24A52C;20;6;-79;80;5;SF7BW125;2025-07-04 17:31:04;{"RSSI": -79, "SNR": 6, "TC": 24.37}
24;0000B827EB24A52C;20;6;-81;80;5;SF7BW125;2025-07-04 17:31:21;{"RSSI": -81, "SNR": 6, "TC": 26.26}
24;0000B827EB24A52C;20;6;-79;80;5;SF7BW125;2025-07-04 17:31:36;{"RSSI": -79, "SNR": 6, "TC": 20.12}
24;0000B827EB24A52C;20;6;-79;80;5;SF7BW125;2025-07-04 17:31:52;{"RSSI": -79, "SNR": 6, "TC": 27.2}
24;0000B827EB24A52C;20;5;-83;80;5;SF7BW125;2025-07-04 17:32:07;{"RSSI": -83, "SNR": 5, "TC": 21.4}
24;0000B827EB24A52C;20;6;-79;80;5;SF7BW125;2025-07-04 17:32:23;{"RSSI": -79, "SNR": 6, "TC": 27.54}
24;0000B827EB24A52C;20;6;-79;80;5;SF7BW125;2025-07-04 17:32:40;{"RSSI": -79, "SNR": 6, "TC": 24.96}
24;0000B827EB24A52C;20;6;-80;80;5;SF7BW125;2025-07-04 17:32:56;{"RSSI": -80, "SNR": 6, "TC": 22.51}
24;0000B827EB24A52C;20;6;-80;80;5;SF7BW125;2025-07-04 17:33:11;{"RSSI": -80, "SNR": 6, "TC": 28.31}
24;0000B827EB24A52C;20;6;-81;80;5;SF7BW125;2025-07-04 17:33:26;{"RSSI": -81, "SNR": 6, "TC": 24.04}
24;0000B827EB24A52C;20;6;-81;80;5;SF7BW125;2025-07-04 17:33:42;{"RSSI": -81, "SNR": 6, "TC": 22.04}
24;0000B827EB24A52C;20;6;-81;80;5;SF7BW125;2025-07-04 17:33:57;{"RSSI": -81, "SNR": 6, "TC": 21.43}
24;0000B827EB24A52C;20;6;-81;80;5;SF7BW125;2025-07-04 17:34:13;{"RSSI": -81, "SNR": 6, "TC": 28.38}
24;0000B827EB24A52C;20;6;-82;80;5;SF7BW125;2025-07-04 17:34:28;{"RSSI": -82, "SNR": 6, "TC": 28.96}
